id,repeat,fold,mape
M0_Median_F0_variance_000,0,0,19.9349
M0_Median_F0_variance_000,0,1,31.507
M0_Median_F0_variance_000,0,2,16.3287
M0_Median_F0_variance_000,0,3,37.6977
M0_Median_F0_variance_000,0,4,15.4795
M0_Median_F0_variance_000,1,0,24.2851
M0_Median_F0_variance_000,1,1,30.2214
M0_Median_F0_variance_000,1,2,31.8008
M0_Median_F0_variance_000,1,3,14.1149
M0_Median_F0_variance_000,1,4,39.4699
M0_Median_F0_variance_000,2,0,27.422
M0_Median_F0_variance_000,2,1,35.0722
M0_Median_F0_variance_000,2,2,12.7055
M0_Median_F0_variance_000,2,3,19.1314
M0_Median_F0_variance_000,2,4,12.3429
M0_Median_F0_variance_000,3,0,39.6279
M0_Median_F0_variance_000,3,1,26.3618
M0_Median_F0_variance_000,3,2,14.4991
M0_Median_F0_variance_000,3,3,18.447
M0_Median_F0_variance_000,3,4,20.2079
M0_Median_F0_variance_000,4,0,15.2666
M0_Median_F0_variance_000,4,1,47.0358
M0_Median_F0_variance_000,4,2,18.447
M0_Median_F0_variance_000,4,3,22.7034
M0_Median_F0_variance_000,4,4,25.0426
M1_Linear_F0_variance_001,0,0,7.1699
M1_Linear_F0_variance_001,0,1,8.8914
M1_Linear_F0_variance_001,0,2,15.3135
M1_Linear_F0_variance_001,0,3,12.5963
M1_Linear_F0_variance_001,0,4,9.1955
M1_Linear_F0_variance_001,1,0,9.0984
M1_Linear_F0_variance_001,1,1,6.2946
M1_Linear_F0_variance_001,1,2,8.8803
M1_Linear_F0_variance_001,1,3,10.7979
M1_Linear_F0_variance_001,1,4,15.204
M1_Linear_F0_variance_001,2,0,11.6891
M1_Linear_F0_variance_001,2,1,9.6679
M1_Linear_F0_variance_001,2,2,12.6919
M1_Linear_F0_variance_001,2,3,7.3767
M1_Linear_F0_variance_001,2,4,10.0118
M1_Linear_F0_variance_001,3,0,9.1109
M1_Linear_F0_variance_001,3,1,8.0538
M1_Linear_F0_variance_001,3,2,16.8892
M1_Linear_F0_variance_001,3,3,10.585
M1_Linear_F0_variance_001,3,4,7.7293
M1_Linear_F0_variance_001,4,0,14.7408
M1_Linear_F0_variance_001,4,1,22.1273
M1_Linear_F0_variance_001,4,2,10.585
M1_Linear_F0_variance_001,4,3,6.5715
M1_Linear_F0_variance_001,4,4,6.2228
M2_ElasticNet_F0_variance_002,0,0,7.1652
M2_ElasticNet_F0_variance_002,0,1,8.8886
M2_ElasticNet_F0_variance_002,0,2,15.3149
M2_ElasticNet_F0_variance_002,0,3,12.5992
M2_ElasticNet_F0_variance_002,0,4,9.1946
M2_ElasticNet_F0_variance_002,1,0,9.096
M2_ElasticNet_F0_variance_002,1,1,6.2851
M2_ElasticNet_F0_variance_002,1,2,8.888
M2_ElasticNet_F0_variance_002,1,3,10.7972
M2_ElasticNet_F0_variance_002,1,4,15.2046
M2_ElasticNet_F0_variance_002,2,0,11.6982
M2_ElasticNet_F0_variance_002,2,1,9.6592
M2_ElasticNet_F0_variance_002,2,2,12.6917
M2_ElasticNet_F0_variance_002,2,3,7.3824
M2_ElasticNet_F0_variance_002,2,4,10.0057
M2_ElasticNet_F0_variance_002,3,0,9.1092
M2_ElasticNet_F0_variance_002,3,1,8.0595
M2_ElasticNet_F0_variance_002,3,2,16.8884
M2_ElasticNet_F0_variance_002,3,3,10.5889
M2_ElasticNet_F0_variance_002,3,4,7.7235
M2_ElasticNet_F0_variance_002,4,0,14.7427
M2_ElasticNet_F0_variance_002,4,1,22.1504
M2_ElasticNet_F0_variance_002,4,2,10.5889
M2_ElasticNet_F0_variance_002,4,3,6.5646
M2_ElasticNet_F0_variance_002,4,4,6.2164
M2_ElasticNet_F0_variance_003,0,0,7.1587
M2_ElasticNet_F0_variance_003,0,1,8.8843
M2_ElasticNet_F0_variance_003,0,2,15.317
M2_ElasticNet_F0_variance_003,0,3,12.6047
M2_ElasticNet_F0_variance_003,0,4,9.1932
M2_ElasticNet_F0_variance_003,1,0,9.0926
M2_ElasticNet_F0_variance_003,1,1,6.2713
M2_ElasticNet_F0_variance_003,1,2,8.8994
M2_ElasticNet_F0_variance_003,1,3,10.7963
M2_ElasticNet_F0_variance_003,1,4,15.2057
M2_ElasticNet_F0_variance_003,2,0,11.7114
M2_ElasticNet_F0_variance_003,2,1,9.6422
M2_ElasticNet_F0_variance_003,2,2,12.6914
M2_ElasticNet_F0_variance_003,2,3,7.3903
M2_ElasticNet_F0_variance_003,2,4,9.9972
M2_ElasticNet_F0_variance_003,3,0,9.1057
M2_ElasticNet_F0_variance_003,3,1,8.0678
M2_ElasticNet_F0_variance_003,3,2,16.8874
M2_ElasticNet_F0_variance_003,3,3,10.5943
M2_ElasticNet_F0_variance_003,3,4,7.7155
M2_ElasticNet_F0_variance_003,4,0,14.7452
M2_ElasticNet_F0_variance_003,4,1,22.2079
M2_ElasticNet_F0_variance_003,4,2,10.5943
M2_ElasticNet_F0_variance_003,4,3,6.5548
M2_ElasticNet_F0_variance_003,4,4,6.2073
M2_ElasticNet_F0_variance_004,0,0,7.1522
M2_ElasticNet_F0_variance_004,0,1,8.88
M2_ElasticNet_F0_variance_004,0,2,15.319
M2_ElasticNet_F0_variance_004,0,3,12.6102
M2_ElasticNet_F0_variance_004,0,4,9.1919
M2_ElasticNet_F0_variance_004,1,0,9.0892
M2_ElasticNet_F0_variance_004,1,1,6.2575
M2_ElasticNet_F0_variance_004,1,2,8.9108
M2_ElasticNet_F0_variance_004,1,3,10.7953
M2_ElasticNet_F0_variance_004,1,4,15.2067
M2_ElasticNet_F0_variance_004,2,0,11.7246
M2_ElasticNet_F0_variance_004,2,1,9.6251
M2_ElasticNet_F0_variance_004,2,2,12.6911
M2_ElasticNet_F0_variance_004,2,3,7.3982
M2_ElasticNet_F0_variance_004,2,4,9.9887
M2_ElasticNet_F0_variance_004,3,0,9.1022
M2_ElasticNet_F0_variance_004,3,1,8.076
M2_ElasticNet_F0_variance_004,3,2,16.8863
M2_ElasticNet_F0_variance_004,3,3,10.5997
M2_ElasticNet_F0_variance_004,3,4,7.7074
M2_ElasticNet_F0_variance_004,4,0,14.7477
M2_ElasticNet_F0_variance_004,4,1,22.2654
M2_ElasticNet_F0_variance_004,4,2,10.5997
M2_ElasticNet_F0_variance_004,4,3,6.545
M2_ElasticNet_F0_variance_004,4,4,6.1982
M2_ElasticNet_F0_variance_005,0,0,7.1542
M2_ElasticNet_F0_variance_005,0,1,8.8819
M2_ElasticNet_F0_variance_005,0,2,15.3183
M2_ElasticNet_F0_variance_005,0,3,12.606
M2_ElasticNet_F0_variance_005,0,4,9.1924
M2_ElasticNet_F0_variance_005,1,0,9.0903
M2_ElasticNet_F0_variance_005,1,1,6.2627
M2_ElasticNet_F0_variance_005,1,2,8.9059
M2_ElasticNet_F0_variance_005,1,3,10.7956
M2_ElasticNet_F0_variance_005,1,4,15.2059
M2_ElasticNet_F0_variance_005,2,0,11.7193
M2_ElasticNet_F0_variance_005,2,1,9.6391
M2_ElasticNet_F0_variance_005,2,2,12.6912
M2_ElasticNet_F0_variance_005,2,3,7.3957
M2_ElasticNet_F0_variance_005,2,4,9.9913
M2_ElasticNet_F0_variance_005,3,0,9.1051
M2_ElasticNet_F0_variance_005,3,1,8.073
M2_ElasticNet_F0_variance_005,3,2,16.8866
M2_ElasticNet_F0_variance_005,3,3,10.598
M2_ElasticNet_F0_variance_005,3,4,7.7101
M2_ElasticNet_F0_variance_005,4,0,14.747
M2_ElasticNet_F0_variance_005,4,1,22.204
M2_ElasticNet_F0_variance_005,4,2,10.598
M2_ElasticNet_F0_variance_005,4,3,6.5485
M2_ElasticNet_F0_variance_005,4,4,6.2015
M2_ElasticNet_F0_variance_006,0,0,7.1325
M2_ElasticNet_F0_variance_006,0,1,8.8675
M2_ElasticNet_F0_variance_006,0,2,15.3251
M2_ElasticNet_F0_variance_006,0,3,12.6242
M2_ElasticNet_F0_variance_006,0,4,9.188
M2_ElasticNet_F0_variance_006,1,0,9.079
M2_ElasticNet_F0_variance_006,1,1,6.2168
M2_ElasticNet_F0_variance_006,1,2,8.9439
M2_ElasticNet_F0_variance_006,1,3,10.7924
M2_ElasticNet_F0_variance_006,1,4,15.2095
M2_ElasticNet_F0_variance_006,2,0,11.7633
M2_ElasticNet_F0_variance_006,2,1,9.5821
M2_ElasticNet_F0_variance_006,2,2,12.6902
M2_ElasticNet_F0_variance_006,2,3,7.4221
M2_ElasticNet_F0_variance_006,2,4,9.9629
M2_ElasticNet_F0_variance_006,3,0,9.0934
M2_ElasticNet_F0_variance_006,3,1,8.1005
M2_ElasticNet_F0_variance_006,3,2,16.8831
M2_ElasticNet_F0_variance_006,3,3,10.6161
M2_ElasticNet_F0_variance_006,3,4,7.6832
M2_ElasticNet_F0_variance_006,4,0,14.7554
M2_ElasticNet_F0_variance_006,4,1,22.3954
M2_ElasticNet_F0_variance_006,4,2,10.6161
M2_ElasticNet_F0_variance_006,4,3,6.5175
M2_ElasticNet_F0_variance_006,4,4,6.1712
M2_ElasticNet_F0_variance_007,0,0,7.1107
M2_ElasticNet_F0_variance_007,0,1,8.853
M2_ElasticNet_F0_variance_007,0,2,15.3319
M2_ElasticNet_F0_variance_007,0,3,12.6424
M2_ElasticNet_F0_variance_007,0,4,9.1836
M2_ElasticNet_F0_variance_007,1,0,9.0676
M2_ElasticNet_F0_variance_007,1,1,6.1708
M2_ElasticNet_F0_variance_007,1,2,8.9819
M2_ElasticNet_F0_variance_007,1,3,10.7893
M2_ElasticNet_F0_variance_007,1,4,15.213
M2_ElasticNet_F0_variance_007,2,0,11.8074
M2_ElasticNet_F0_variance_007,2,1,9.525
M2_ElasticNet_F0_variance_007,2,2,12.6892
M2_ElasticNet_F0_variance_007,2,3,7.4485
M2_ElasticNet_F0_variance_007,2,4,9.9346
M2_ElasticNet_F0_variance_007,3,0,9.0817
M2_ElasticNet_F0_variance_007,3,1,8.1279
M2_ElasticNet_F0_variance_007,3,2,16.8796
M2_ElasticNet_F0_variance_007,3,3,10.6342
M2_ElasticNet_F0_variance_007,3,4,7.6562
M2_ElasticNet_F0_variance_007,4,0,14.7637
M2_ElasticNet_F0_variance_007,4,1,22.5861
M2_ElasticNet_F0_variance_007,4,2,10.6342
M2_ElasticNet_F0_variance_007,4,3,6.5052
M2_ElasticNet_F0_variance_007,4,4,6.1409
M2_ElasticNet_F0_variance_008,0,0,7.1229
M2_ElasticNet_F0_variance_008,0,1,8.8627
M2_ElasticNet_F0_variance_008,0,2,15.328
M2_ElasticNet_F0_variance_008,0,3,12.6252
M2_ElasticNet_F0_variance_008,0,4,9.1861
M2_ElasticNet_F0_variance_008,1,0,9.0742
M2_ElasticNet_F0_variance_008,1,1,6.1991
M2_ElasticNet_F0_variance_008,1,2,8.957
M2_ElasticNet_F0_variance_008,1,3,10.7909
M2_ElasticNet_F0_variance_008,1,4,15.2097
M2_ElasticNet_F0_variance_008,2,0,11.7795
M2_ElasticNet_F0_variance_008,2,1,9.5814
M2_ElasticNet_F0_variance_008,2,2,12.6898
M2_ElasticNet_F0_variance_008,2,3,7.4336
M2_ElasticNet_F0_variance_008,2,4,9.9503
M2_ElasticNet_F0_variance_008,3,0,9.0933
M2_ElasticNet_F0_variance_008,3,1,8.1113
M2_ElasticNet_F0_variance_008,3,2,16.8816
M2_ElasticNet_F0_variance_008,3,3,10.6241
M2_ElasticNet_F0_variance_008,3,4,7.6718
M2_ElasticNet_F0_variance_008,4,0,14.7594
M2_ElasticNet_F0_variance_008,4,1,22.3565
M2_ElasticNet_F0_variance_008,4,2,10.6241
M2_ElasticNet_F0_variance_008,4,3,6.5125
M2_ElasticNet_F0_variance_008,4,4,6.159
M2_ElasticNet_F0_variance_009,0,0,7.0576
M2_ElasticNet_F0_variance_009,0,1,8.819
M2_ElasticNet_F0_variance_009,0,2,15.3484
M2_ElasticNet_F0_variance_009,0,3,12.6795
M2_ElasticNet_F0_variance_009,0,4,9.173
M2_ElasticNet_F0_variance_009,1,0,9.04
M2_ElasticNet_F0_variance_009,1,1,6.061
M2_ElasticNet_F0_variance_009,1,2,9.0705
M2_ElasticNet_F0_variance_009,1,3,10.7815
M2_ElasticNet_F0_variance_009,1,4,15.2201
M2_ElasticNet_F0_variance_009,2,0,11.9113
M2_ElasticNet_F0_variance_009,2,1,9.4099
M2_ElasticNet_F0_variance_009,2,2,12.6868
M2_ElasticNet_F0_variance_009,2,3,7.5128
M2_ElasticNet_F0_variance_009,2,4,9.8652
M2_ElasticNet_F0_variance_009,3,0,9.0578
M2_ElasticNet_F0_variance_009,3,1,8.1934
M2_ElasticNet_F0_variance_009,3,2,16.8711
M2_ElasticNet_F0_variance_009,3,3,10.6783
M2_ElasticNet_F0_variance_009,3,4,7.5908
M2_ElasticNet_F0_variance_009,4,0,14.7845
M2_ElasticNet_F0_variance_009,4,1,22.9263
M2_ElasticNet_F0_variance_009,4,2,10.6783
M2_ElasticNet_F0_variance_009,4,3,6.4757
M2_ElasticNet_F0_variance_009,4,4,6.0679
M2_ElasticNet_F0_variance_010,0,0,6.992
M2_ElasticNet_F0_variance_010,0,1,8.7746
M2_ElasticNet_F0_variance_010,0,2,15.3689
M2_ElasticNet_F0_variance_010,0,3,12.7336
M2_ElasticNet_F0_variance_010,0,4,9.1599
M2_ElasticNet_F0_variance_010,1,0,9.0055
M2_ElasticNet_F0_variance_010,1,1,5.9221
M2_ElasticNet_F0_variance_010,1,2,9.1838
M2_ElasticNet_F0_variance_010,1,3,10.7721
M2_ElasticNet_F0_variance_010,1,4,15.2303
M2_ElasticNet_F0_variance_010,2,0,12.0433
M2_ElasticNet_F0_variance_010,2,1,9.2367
M2_ElasticNet_F0_variance_010,2,2,12.6838
M2_ElasticNet_F0_variance_010,2,3,7.5923
M2_ElasticNet_F0_variance_010,2,4,9.7797
M2_ElasticNet_F0_variance_010,3,0,9.0215
M2_ElasticNet_F0_variance_010,3,1,8.2754
M2_ElasticNet_F0_variance_010,3,2,16.8606
M2_ElasticNet_F0_variance_010,3,3,10.7327
M2_ElasticNet_F0_variance_010,3,4,7.5093
M2_ElasticNet_F0_variance_010,4,0,14.8097
M2_ElasticNet_F0_variance_010,4,1,23.491
M2_ElasticNet_F0_variance_010,4,2,10.7327
M2_ElasticNet_F0_variance_010,4,3,6.4386
M2_ElasticNet_F0_variance_010,4,4,5.9763
M2_ElasticNet_F0_variance_011,0,0,7.0139
M2_ElasticNet_F0_variance_011,0,1,8.795
M2_ElasticNet_F0_variance_011,0,2,15.3618
M2_ElasticNet_F0_variance_011,0,3,12.6916
M2_ElasticNet_F0_variance_011,0,4,9.1642
M2_ElasticNet_F0_variance_011,1,0,9.0178
M2_ElasticNet_F0_variance_011,1,1,5.9774
M2_ElasticNet_F0_variance_011,1,2,9.1334
M2_ElasticNet_F0_variance_011,1,3,10.7749
M2_ElasticNet_F0_variance_011,1,4,15.2226
M2_ElasticNet_F0_variance_011,2,0,11.988
M2_ElasticNet_F0_variance_011,2,1,9.3802
M2_ElasticNet_F0_variance_011,2,2,12.6847
M2_ElasticNet_F0_variance_011,2,3,7.5653
M2_ElasticNet_F0_variance_011,2,4,9.8075
M2_ElasticNet_F0_variance_011,3,0,9.0519
M2_ElasticNet_F0_variance_011,3,1,8.244
M2_ElasticNet_F0_variance_011,3,2,16.8642
M2_ElasticNet_F0_variance_011,3,3,10.7148
M2_ElasticNet_F0_variance_011,3,4,7.5383
M2_ElasticNet_F0_variance_011,4,0,14.8023
M2_ElasticNet_F0_variance_011,4,1,22.8826
M2_ElasticNet_F0_variance_011,4,2,10.7148
M2_ElasticNet_F0_variance_011,4,3,6.4524
M2_ElasticNet_F0_variance_011,4,4,6.0107
M2_ElasticNet_F0_variance_012,0,0,6.9299
M2_ElasticNet_F0_variance_012,0,1,8.6435
M2_ElasticNet_F0_variance_012,0,2,15.4302
M2_ElasticNet_F0_variance_012,0,3,12.8691
M2_ElasticNet_F0_variance_012,0,4,9.2429
M2_ElasticNet_F0_variance_012,1,0,8.9023
M2_ElasticNet_F0_variance_012,1,1,5.5135
M2_ElasticNet_F0_variance_012,1,2,9.5068
M2_ElasticNet_F0_variance_012,1,3,10.7437
M2_ElasticNet_F0_variance_012,1,4,15.2549
M2_ElasticNet_F0_variance_012,2,0,12.425
M2_ElasticNet_F0_variance_012,2,1,8.8006
M2_ElasticNet_F0_variance_012,2,2,12.6749
M2_ElasticNet_F0_variance_012,2,3,7.8299
M2_ElasticNet_F0_variance_012,2,4,9.523
M2_ElasticNet_F0_variance_012,3,0,8.9917
M2_ElasticNet_F0_variance_012,3,1,8.5147
M2_ElasticNet_F0_variance_012,3,2,16.8297
M2_ElasticNet_F0_variance_012,3,3,10.8961
M2_ElasticNet_F0_variance_012,3,4,7.2663
M2_ElasticNet_F0_variance_012,4,0,14.8864
M2_ElasticNet_F0_variance_012,4,1,24.733
M2_ElasticNet_F0_variance_012,4,2,10.8961
M2_ElasticNet_F0_variance_012,4,3,6.3283
M2_ElasticNet_F0_variance_012,4,4,5.7044
M2_ElasticNet_F0_variance_013,0,0,6.8859
M2_ElasticNet_F0_variance_013,0,1,8.483
M2_ElasticNet_F0_variance_013,0,2,15.4998
M2_ElasticNet_F0_variance_013,0,3,13.0437
M2_ElasticNet_F0_variance_013,0,4,9.3926
M2_ElasticNet_F0_variance_013,1,0,8.965
M2_ElasticNet_F0_variance_013,1,1,5.1238
M2_ElasticNet_F0_variance_013,1,2,9.8778
M2_ElasticNet_F0_variance_013,1,3,10.7384
M2_ElasticNet_F0_variance_013,1,4,15.2842
M2_ElasticNet_F0_variance_013,2,0,12.8633
M2_ElasticNet_F0_variance_013,2,1,8.2034
M2_ElasticNet_F0_variance_013,2,2,12.6652
M2_ElasticNet_F0_variance_013,2,3,8.0977
M2_ElasticNet_F0_variance_013,2,4,9.2345
M2_ElasticNet_F0_variance_013,3,0,9.2637
M2_ElasticNet_F0_variance_013,3,1,8.7846
M2_ElasticNet_F0_variance_013,3,2,16.7954
M2_ElasticNet_F0_variance_013,3,3,11.0801
M2_ElasticNet_F0_variance_013,3,4,6.9893
M2_ElasticNet_F0_variance_013,4,0,14.9719
M2_ElasticNet_F0_variance_013,4,1,26.5288
M2_ElasticNet_F0_variance_013,4,2,11.0801
M2_ElasticNet_F0_variance_013,4,3,6.3833
M2_ElasticNet_F0_variance_013,4,4,5.3914
M2_ElasticNet_F0_variance_014,0,0,6.9051
M2_ElasticNet_F0_variance_014,0,1,8.5974
M2_ElasticNet_F0_variance_014,0,2,15.4568
M2_ElasticNet_F0_variance_014,0,3,12.8735
M2_ElasticNet_F0_variance_014,0,4,9.302
M2_ElasticNet_F0_variance_014,1,0,8.8772
M2_ElasticNet_F0_variance_014,1,1,5.3526
M2_ElasticNet_F0_variance_014,1,2,9.6194
M2_ElasticNet_F0_variance_014,1,3,10.7303
M2_ElasticNet_F0_variance_014,1,4,15.2561
M2_ElasticNet_F0_variance_014,2,0,12.567
M2_ElasticNet_F0_variance_014,2,1,8.8107
M2_ElasticNet_F0_variance_014,2,2,12.6709
M2_ElasticNet_F0_variance_014,2,3,7.9343
M2_ElasticNet_F0_variance_014,2,4,9.4073
M2_ElasticNet_F0_variance_014,3,0,8.9907
M2_ElasticNet_F0_variance_014,3,1,8.6104
M2_ElasticNet_F0_variance_014,3,2,16.8164
M2_ElasticNet_F0_variance_014,3,3,10.9692
M2_ElasticNet_F0_variance_014,3,4,7.1623
M2_ElasticNet_F0_variance_014,4,0,14.923
M2_ElasticNet_F0_variance_014,4,1,24.3211
M2_ElasticNet_F0_variance_014,4,2,10.9692
M2_ElasticNet_F0_variance_014,4,3,6.2825
M2_ElasticNet_F0_variance_014,4,4,5.5921
M2_ElasticNet_F0_variance_015,0,0,7.2858
M2_ElasticNet_F0_variance_015,0,1,8.2742
M2_ElasticNet_F0_variance_015,0,2,15.6659
M2_ElasticNet_F0_variance_015,0,3,14.7272
M2_ElasticNet_F0_variance_015,0,4,9.7502
M2_ElasticNet_F0_variance_015,1,0,9.2957
M2_ElasticNet_F0_variance_015,1,1,5.3852
M2_ElasticNet_F0_variance_015,1,2,10.6988
M2_ElasticNet_F0_variance_015,1,3,10.8022
M2_ElasticNet_F0_variance_015,1,4,16.3565
M2_ElasticNet_F0_variance_015,2,0,13.8569
M2_ElasticNet_F0_variance_015,2,1,7.8564
M2_ElasticNet_F0_variance_015,2,2,12.6427
M2_ElasticNet_F0_variance_015,2,3,8.7324
M2_ElasticNet_F0_variance_015,2,4,8.7823
M2_ElasticNet_F0_variance_015,3,0,11.6046
M2_ElasticNet_F0_variance_015,3,1,9.3985
M2_ElasticNet_F0_variance_015,3,2,16.7169
M2_ElasticNet_F0_variance_015,3,3,11.5194
M2_ElasticNet_F0_variance_015,3,4,6.8159
M2_ElasticNet_F0_variance_015,4,0,15.1791
M2_ElasticNet_F0_variance_015,4,1,29.4824
M2_ElasticNet_F0_variance_015,4,2,11.5194
M2_ElasticNet_F0_variance_015,4,3,6.8064
M2_ElasticNet_F0_variance_015,4,4,4.6483
M2_ElasticNet_F0_variance_016,0,0,8.1657
M2_ElasticNet_F0_variance_016,0,1,8.7511
M2_ElasticNet_F0_variance_016,0,2,15.8863
M2_ElasticNet_F0_variance_016,0,3,17.8747
M2_ElasticNet_F0_variance_016,0,4,10.2194
M2_ElasticNet_F0_variance_016,1,0,10.2865
M2_ElasticNet_F0_variance_016,1,1,6.6137
M2_ElasticNet_F0_variance_016,1,2,11.7579
M2_ElasticNet_F0_variance_016,1,3,10.8837
M2_ElasticNet_F0_variance_016,1,4,19.5157
M2_ElasticNet_F0_variance_016,2,0,15.1583
M2_ElasticNet_F0_variance_016,2,1,11.4912
M2_ElasticNet_F0_variance_016,2,2,12.6153
M2_ElasticNet_F0_variance_016,2,3,9.56
M2_ElasticNet_F0_variance_016,2,4,8.6082
M2_ElasticNet_F0_variance_016,3,0,16.1176
M2_ElasticNet_F0_variance_016,3,1,10.1794
M2_ElasticNet_F0_variance_016,3,2,16.6197
M2_ElasticNet_F0_variance_016,3,3,12.0936
M2_ElasticNet_F0_variance_016,3,4,7.0878
M2_ElasticNet_F0_variance_016,4,0,15.4472
M2_ElasticNet_F0_variance_016,4,1,34.2047
M2_ElasticNet_F0_variance_016,4,2,12.0936
M2_ElasticNet_F0_variance_016,4,3,7.9959
M2_ElasticNet_F0_variance_016,4,4,4.5037
M2_ElasticNet_F0_variance_017,0,0,7.5482
M2_ElasticNet_F0_variance_017,0,1,8.2712
M2_ElasticNet_F0_variance_017,0,2,15.7738
M2_ElasticNet_F0_variance_017,0,3,15.0912
M2_ElasticNet_F0_variance_017,0,4,9.9859
M2_ElasticNet_F0_variance_017,1,0,9.5977
M2_ElasticNet_F0_variance_017,1,1,5.8484
M2_ElasticNet_F0_variance_017,1,2,11.1341
M2_ElasticNet_F0_variance_017,1,3,10.8459
M2_ElasticNet_F0_variance_017,1,4,16.7724
M2_ElasticNet_F0_variance_017,2,0,14.4168
M2_ElasticNet_F0_variance_017,2,1,8.0224
M2_ElasticNet_F0_variance_017,2,2,12.6284
M2_ElasticNet_F0_variance_017,2,3,9.1443
M2_ElasticNet_F0_variance_017,2,4,8.6936
M2_ElasticNet_F0_variance_017,3,0,11.8219
M2_ElasticNet_F0_variance_017,3,1,9.761
M2_ElasticNet_F0_variance_017,3,2,16.6682
M2_ElasticNet_F0_variance_017,3,3,11.8095
M2_ElasticNet_F0_variance_017,3,4,6.8517
M2_ElasticNet_F0_variance_017,4,0,15.3233
M2_ElasticNet_F0_variance_017,4,1,28.7036
M2_ElasticNet_F0_variance_017,4,2,11.8095
M2_ElasticNet_F0_variance_017,4,3,7.1289
M2_ElasticNet_F0_variance_017,4,4,4.3706
M2_ElasticNet_F0_variance_018,0,0,11.921
M2_ElasticNet_F0_variance_018,0,1,13.1447
M2_ElasticNet_F0_variance_018,0,2,16.5123
M2_ElasticNet_F0_variance_018,0,3,24.4043
M2_ElasticNet_F0_variance_018,0,4,11.5432
M2_ElasticNet_F0_variance_018,1,0,14.019
M2_ElasticNet_F0_variance_018,1,1,12.8237
M2_ElasticNet_F0_variance_018,1,2,14.3106
M2_ElasticNet_F0_variance_018,1,3,11.1097
M2_ElasticNet_F0_variance_018,1,4,25.6358
M2_ElasticNet_F0_variance_018,2,0,18.4951
M2_ElasticNet_F0_variance_018,2,1,21.105
M2_ElasticNet_F0_variance_018,2,2,12.5484
M2_ElasticNet_F0_variance_018,2,3,11.8502
M2_ElasticNet_F0_variance_018,2,4,8.1226
M2_ElasticNet_F0_variance_018,3,0,25.8041
M2_ElasticNet_F0_variance_018,3,1,12.1371
M2_ElasticNet_F0_variance_018,3,2,16.3813
M2_ElasticNet_F0_variance_018,3,3,13.7077
M2_ElasticNet_F0_variance_018,3,4,10.2624
M2_ElasticNet_F0_variance_018,4,0,16.2151
M2_ElasticNet_F0_variance_018,4,1,42.2862
M2_ElasticNet_F0_variance_018,4,2,13.7077
M2_ElasticNet_F0_variance_018,4,3,12.5638
M2_ElasticNet_F0_variance_018,4,4,8.245
M2_ElasticNet_F0_variance_019,0,0,17.1176
M2_ElasticNet_F0_variance_019,0,1,19.6493
M2_ElasticNet_F0_variance_019,0,2,17.3826
M2_ElasticNet_F0_variance_019,0,3,33.1596
M2_ElasticNet_F0_variance_019,0,4,13.6456
M2_ElasticNet_F0_variance_019,1,0,19.1767
M2_ElasticNet_F0_variance_019,1,1,23.0785
M2_ElasticNet_F0_variance_019,1,2,17.2756
M2_ElasticNet_F0_variance_019,1,3,11.4008
M2_ElasticNet_F0_variance_019,1,4,32.2679
M2_ElasticNet_F0_variance_019,2,0,22.7198
M2_ElasticNet_F0_variance_019,2,1,35.4423
M2_ElasticNet_F0_variance_019,2,2,12.48
M2_ElasticNet_F0_variance_019,2,3,14.8988
M2_ElasticNet_F0_variance_019,2,4,7.4766
M2_ElasticNet_F0_variance_019,3,0,39.3491
M2_ElasticNet_F0_variance_019,3,1,14.4382
M2_ElasticNet_F0_variance_019,3,2,16.1261
M2_ElasticNet_F0_variance_019,3,3,16.7142
M2_ElasticNet_F0_variance_019,3,4,15.1616
M2_ElasticNet_F0_variance_019,4,0,17.2495
M2_ElasticNet_F0_variance_019,4,1,44.1549
M2_ElasticNet_F0_variance_019,4,2,16.7142
M2_ElasticNet_F0_variance_019,4,3,18.977
M2_ElasticNet_F0_variance_019,4,4,14.0439
M3_Huber_F0_variance_020,0,0,7.3764
M3_Huber_F0_variance_020,0,1,8.4238
M3_Huber_F0_variance_020,0,2,15.7813
M3_Huber_F0_variance_020,0,3,13.0146
M3_Huber_F0_variance_020,0,4,9.1323
M3_Huber_F0_variance_020,1,0,9.0104
M3_Huber_F0_variance_020,1,1,5.3203
M3_Huber_F0_variance_020,1,2,9.3165
M3_Huber_F0_variance_020,1,3,11.0491
M3_Huber_F0_variance_020,1,4,15.0882
M3_Huber_F0_variance_020,2,0,12.6774
M3_Huber_F0_variance_020,2,1,12.293
M3_Huber_F0_variance_020,2,2,12.894
M3_Huber_F0_variance_020,2,3,7.7361
M3_Huber_F0_variance_020,2,4,9.0711
M3_Huber_F0_variance_020,3,0,8.6791
M3_Huber_F0_variance_020,3,1,8.3742
M3_Huber_F0_variance_020,3,2,16.8799
M3_Huber_F0_variance_020,3,3,11.3692
M3_Huber_F0_variance_020,3,4,7.3096
M3_Huber_F0_variance_020,4,0,15.2682
M3_Huber_F0_variance_020,4,1,22.4188
M3_Huber_F0_variance_020,4,2,11.3692
M3_Huber_F0_variance_020,4,3,6.9098
M3_Huber_F0_variance_020,4,4,5.5278
M3_Huber_F0_variance_021,0,0,7.3763
M3_Huber_F0_variance_021,0,1,8.4237
M3_Huber_F0_variance_021,0,2,15.7812
M3_Huber_F0_variance_021,0,3,13.0141
M3_Huber_F0_variance_021,0,4,9.1325
M3_Huber_F0_variance_021,1,0,9.0102
M3_Huber_F0_variance_021,1,1,5.32
M3_Huber_F0_variance_021,1,2,9.3167
M3_Huber_F0_variance_021,1,3,11.049
M3_Huber_F0_variance_021,1,4,15.0878
M3_Huber_F0_variance_021,2,0,12.6777
M3_Huber_F0_variance_021,2,1,12.2923
M3_Huber_F0_variance_021,2,2,12.8939
M3_Huber_F0_variance_021,2,3,7.7363
M3_Huber_F0_variance_021,2,4,9.071
M3_Huber_F0_variance_021,3,0,8.6791
M3_Huber_F0_variance_021,3,1,8.3744
M3_Huber_F0_variance_021,3,2,16.8799
M3_Huber_F0_variance_021,3,3,11.3693
M3_Huber_F0_variance_021,3,4,7.3093
M3_Huber_F0_variance_021,4,0,15.2682
M3_Huber_F0_variance_021,4,1,22.4194
M3_Huber_F0_variance_021,4,2,11.3693
M3_Huber_F0_variance_021,4,3,6.9096
M3_Huber_F0_variance_021,4,4,5.5276
M3_Huber_F0_variance_022,0,0,7.3752
M3_Huber_F0_variance_022,0,1,8.423
M3_Huber_F0_variance_022,0,2,15.7811
M3_Huber_F0_variance_022,0,3,13.01
M3_Huber_F0_variance_022,0,4,9.1337
M3_Huber_F0_variance_022,1,0,9.0092
M3_Huber_F0_variance_022,1,1,5.3174
M3_Huber_F0_variance_022,1,2,9.319
M3_Huber_F0_variance_022,1,3,11.048
M3_Huber_F0_variance_022,1,4,15.084
M3_Huber_F0_variance_022,2,0,12.6811
M3_Huber_F0_variance_022,2,1,12.286
M3_Huber_F0_variance_022,2,2,12.8934
M3_Huber_F0_variance_022,2,3,7.738
M3_Huber_F0_variance_022,2,4,9.0698
M3_Huber_F0_variance_022,3,0,8.6786
M3_Huber_F0_variance_022,3,1,8.3764
M3_Huber_F0_variance_022,3,2,16.8794
M3_Huber_F0_variance_022,3,3,11.3702
M3_Huber_F0_variance_022,3,4,7.3071
M3_Huber_F0_variance_022,4,0,15.2682
M3_Huber_F0_variance_022,4,1,22.4248
M3_Huber_F0_variance_022,4,2,11.3702
M3_Huber_F0_variance_022,4,3,6.9081
M3_Huber_F0_variance_022,4,4,5.5258
M3_Huber_F0_variance_023,0,0,7.1218
M3_Huber_F0_variance_023,0,1,8.7463
M3_Huber_F0_variance_023,0,2,15.4484
M3_Huber_F0_variance_023,0,3,12.5778
M3_Huber_F0_variance_023,0,4,9.1378
M3_Huber_F0_variance_023,1,0,8.9875
M3_Huber_F0_variance_023,1,1,5.8832
M3_Huber_F0_variance_023,1,2,9.2194
M3_Huber_F0_variance_023,1,3,10.8109
M3_Huber_F0_variance_023,1,4,15.1008
M3_Huber_F0_variance_023,2,0,12.3001
M3_Huber_F0_variance_023,2,1,10.683
M3_Huber_F0_variance_023,2,2,12.7171
M3_Huber_F0_variance_023,2,3,7.6121
M3_Huber_F0_variance_023,2,4,9.6497
M3_Huber_F0_variance_023,3,0,8.9126
M3_Huber_F0_variance_023,3,1,8.3258
M3_Huber_F0_variance_023,3,2,16.8508
M3_Huber_F0_variance_023,3,3,10.8319
M3_Huber_F0_variance_023,3,4,7.481
M3_Huber_F0_variance_023,4,0,14.8747
M3_Huber_F0_variance_023,4,1,21.9621
M3_Huber_F0_variance_023,4,2,10.8319
M3_Huber_F0_variance_023,4,3,6.6377
M3_Huber_F0_variance_023,4,4,5.8812
M3_Huber_F0_variance_024,0,0,7.1217
M3_Huber_F0_variance_024,0,1,8.7462
M3_Huber_F0_variance_024,0,2,15.4484
M3_Huber_F0_variance_024,0,3,12.5778
M3_Huber_F0_variance_024,0,4,9.1379
M3_Huber_F0_variance_024,1,0,8.9874
M3_Huber_F0_variance_024,1,1,5.8827
M3_Huber_F0_variance_024,1,2,9.2197
M3_Huber_F0_variance_024,1,3,10.8108
M3_Huber_F0_variance_024,1,4,15.1008
M3_Huber_F0_variance_024,2,0,12.3004
M3_Huber_F0_variance_024,2,1,10.6823
M3_Huber_F0_variance_024,2,2,12.7171
M3_Huber_F0_variance_024,2,3,7.6123
M3_Huber_F0_variance_024,2,4,9.6495
M3_Huber_F0_variance_024,3,0,8.9125
M3_Huber_F0_variance_024,3,1,8.3261
M3_Huber_F0_variance_024,3,2,16.8508
M3_Huber_F0_variance_024,3,3,10.832
M3_Huber_F0_variance_024,3,4,7.4808
M3_Huber_F0_variance_024,4,0,14.8747
M3_Huber_F0_variance_024,4,1,21.9627
M3_Huber_F0_variance_024,4,2,10.832
M3_Huber_F0_variance_024,4,3,6.6375
M3_Huber_F0_variance_024,4,4,5.881
M3_Huber_F0_variance_025,0,0,7.121
M3_Huber_F0_variance_025,0,1,8.7456
M3_Huber_F0_variance_025,0,2,15.4487
M3_Huber_F0_variance_025,0,3,12.5777
M3_Huber_F0_variance_025,0,4,9.139
M3_Huber_F0_variance_025,1,0,8.9865
M3_Huber_F0_variance_025,1,1,5.8786
M3_Huber_F0_variance_025,1,2,9.2225
M3_Huber_F0_variance_025,1,3,10.8104
M3_Huber_F0_variance_025,1,4,15.101
M3_Huber_F0_variance_025,2,0,12.3034
M3_Huber_F0_variance_025,2,1,10.6754
M3_Huber_F0_variance_025,2,2,12.7169
M3_Huber_F0_variance_025,2,3,7.6139
M3_Huber_F0_variance_025,2,4,9.6477
M3_Huber_F0_variance_025,3,0,8.9122
M3_Huber_F0_variance_025,3,1,8.3287
M3_Huber_F0_variance_025,3,2,16.8505
M3_Huber_F0_variance_025,3,3,10.8332
M3_Huber_F0_variance_025,3,4,7.4787
M3_Huber_F0_variance_025,4,0,14.8751
M3_Huber_F0_variance_025,4,1,21.9676
M3_Huber_F0_variance_025,4,2,10.8332
M3_Huber_F0_variance_025,4,3,6.6364
M3_Huber_F0_variance_025,4,4,5.879
M4_GaussianProcess_F0_variance_026,0,0,7.1152
M4_GaussianProcess_F0_variance_026,0,1,8.7259
M4_GaussianProcess_F0_variance_026,0,2,16.2626
M4_GaussianProcess_F0_variance_026,0,3,13.919
M4_GaussianProcess_F0_variance_026,0,4,10.0058
M4_GaussianProcess_F0_variance_026,1,0,10.8082
M4_GaussianProcess_F0_variance_026,1,1,6.1713
M4_GaussianProcess_F0_variance_026,1,2,9.8478
M4_GaussianProcess_F0_variance_026,1,3,14.7606
M4_GaussianProcess_F0_variance_026,1,4,16.1385
M4_GaussianProcess_F0_variance_026,2,0,11.298
M4_GaussianProcess_F0_variance_026,2,1,9.0983
M4_GaussianProcess_F0_variance_026,2,2,14.4411
M4_GaussianProcess_F0_variance_026,2,3,10.0733
M4_GaussianProcess_F0_variance_026,2,4,11.1888
M4_GaussianProcess_F0_variance_026,3,0,9.0723
M4_GaussianProcess_F0_variance_026,3,1,7.5921
M4_GaussianProcess_F0_variance_026,3,2,16.8861
M4_GaussianProcess_F0_variance_026,3,3,12.0835
M4_GaussianProcess_F0_variance_026,3,4,7.4613
M4_GaussianProcess_F0_variance_026,4,0,14.5984
M4_GaussianProcess_F0_variance_026,4,1,22.8289
M4_GaussianProcess_F0_variance_026,4,2,12.0835
M4_GaussianProcess_F0_variance_026,4,3,6.5102
M4_GaussianProcess_F0_variance_026,4,4,8.8211
M5_RandomForest_F0_variance_027,0,0,6.8928
M5_RandomForest_F0_variance_027,0,1,9.6203
M5_RandomForest_F0_variance_027,0,2,12.8885
M5_RandomForest_F0_variance_027,0,3,24.3046
M5_RandomForest_F0_variance_027,0,4,9.6629
M5_RandomForest_F0_variance_027,1,0,13.8067
M5_RandomForest_F0_variance_027,1,1,6.7464
M5_RandomForest_F0_variance_027,1,2,8.1884
M5_RandomForest_F0_variance_027,1,3,11.9429
M5_RandomForest_F0_variance_027,1,4,28.2475
M5_RandomForest_F0_variance_027,2,0,11.1782
M5_RandomForest_F0_variance_027,2,1,21.0608
M5_RandomForest_F0_variance_027,2,2,12.613
M5_RandomForest_F0_variance_027,2,3,8.6027
M5_RandomForest_F0_variance_027,2,4,10.0036
M5_RandomForest_F0_variance_027,3,0,20.1785
M5_RandomForest_F0_variance_027,3,1,8.5348
M5_RandomForest_F0_variance_027,3,2,11.1908
M5_RandomForest_F0_variance_027,3,3,9.7148
M5_RandomForest_F0_variance_027,3,4,7.2794
M5_RandomForest_F0_variance_027,4,0,14.5689
M5_RandomForest_F0_variance_027,4,1,35.6113
M5_RandomForest_F0_variance_027,4,2,9.7148
M5_RandomForest_F0_variance_027,4,3,5.6112
M5_RandomForest_F0_variance_027,4,4,13.5108
M5_RandomForest_F0_variance_028,0,0,9.2272
M5_RandomForest_F0_variance_028,0,1,11.2396
M5_RandomForest_F0_variance_028,0,2,18.2019
M5_RandomForest_F0_variance_028,0,3,31.0967
M5_RandomForest_F0_variance_028,0,4,9.6232
M5_RandomForest_F0_variance_028,1,0,12.7295
M5_RandomForest_F0_variance_028,1,1,8.1427
M5_RandomForest_F0_variance_028,1,2,16.3634
M5_RandomForest_F0_variance_028,1,3,13.1375
M5_RandomForest_F0_variance_028,1,4,33.2319
M5_RandomForest_F0_variance_028,2,0,18.0009
M5_RandomForest_F0_variance_028,2,1,24.9441
M5_RandomForest_F0_variance_028,2,2,14.0229
M5_RandomForest_F0_variance_028,2,3,5.3791
M5_RandomForest_F0_variance_028,2,4,8.7138
M5_RandomForest_F0_variance_028,3,0,22.8035
M5_RandomForest_F0_variance_028,3,1,17.9597
M5_RandomForest_F0_variance_028,3,2,18.6957
M5_RandomForest_F0_variance_028,3,3,12.1238
M5_RandomForest_F0_variance_028,3,4,7.7026
M5_RandomForest_F0_variance_028,4,0,18.132
M5_RandomForest_F0_variance_028,4,1,35.9417
M5_RandomForest_F0_variance_028,4,2,12.1238
M5_RandomForest_F0_variance_028,4,3,8.7492
M5_RandomForest_F0_variance_028,4,4,8.0235
M5_RandomForest_F0_variance_029,0,0,6.478
M5_RandomForest_F0_variance_029,0,1,8.8686
M5_RandomForest_F0_variance_029,0,2,12.4042
M5_RandomForest_F0_variance_029,0,3,24.8021
M5_RandomForest_F0_variance_029,0,4,10.1622
M5_RandomForest_F0_variance_029,1,0,11.773
M5_RandomForest_F0_variance_029,1,1,6.3523
M5_RandomForest_F0_variance_029,1,2,9.7497
M5_RandomForest_F0_variance_029,1,3,11.603
M5_RandomForest_F0_variance_029,1,4,28.6592
M5_RandomForest_F0_variance_029,2,0,11.7751
M5_RandomForest_F0_variance_029,2,1,22.5682
M5_RandomForest_F0_variance_029,2,2,13.084
M5_RandomForest_F0_variance_029,2,3,8.165
M5_RandomForest_F0_variance_029,2,4,9.6225
M5_RandomForest_F0_variance_029,3,0,19.4994
M5_RandomForest_F0_variance_029,3,1,8.155
M5_RandomForest_F0_variance_029,3,2,14.0568
M5_RandomForest_F0_variance_029,3,3,10.7749
M5_RandomForest_F0_variance_029,3,4,6.2414
M5_RandomForest_F0_variance_029,4,0,14.0276
M5_RandomForest_F0_variance_029,4,1,36.2516
M5_RandomForest_F0_variance_029,4,2,10.7749
M5_RandomForest_F0_variance_029,4,3,5.0241
M5_RandomForest_F0_variance_029,4,4,11.6695
M5_RandomForest_F0_variance_030,0,0,9.2674
M5_RandomForest_F0_variance_030,0,1,11.1977
M5_RandomForest_F0_variance_030,0,2,18.2496
M5_RandomForest_F0_variance_030,0,3,31.0967
M5_RandomForest_F0_variance_030,0,4,9.4455
M5_RandomForest_F0_variance_030,1,0,12.5301
M5_RandomForest_F0_variance_030,1,1,7.8397
M5_RandomForest_F0_variance_030,1,2,16.3963
M5_RandomForest_F0_variance_030,1,3,13.068
M5_RandomForest_F0_variance_030,1,4,33.1726
M5_RandomForest_F0_variance_030,2,0,18.0101
M5_RandomForest_F0_variance_030,2,1,24.9759
M5_RandomForest_F0_variance_030,2,2,13.9028
M5_RandomForest_F0_variance_030,2,3,5.4812
M5_RandomForest_F0_variance_030,2,4,8.9636
M5_RandomForest_F0_variance_030,3,0,22.8037
M5_RandomForest_F0_variance_030,3,1,17.9042
M5_RandomForest_F0_variance_030,3,2,19.1588
M5_RandomForest_F0_variance_030,3,3,12.5405
M5_RandomForest_F0_variance_030,3,4,7.6566
M5_RandomForest_F0_variance_030,4,0,18.1048
M5_RandomForest_F0_variance_030,4,1,35.9371
M5_RandomForest_F0_variance_030,4,2,12.5405
M5_RandomForest_F0_variance_030,4,3,8.8509
M5_RandomForest_F0_variance_030,4,4,8.0041
M5_RandomForest_F0_variance_031,0,0,6.8901
M5_RandomForest_F0_variance_031,0,1,8.6698
M5_RandomForest_F0_variance_031,0,2,12.2632
M5_RandomForest_F0_variance_031,0,3,25.1259
M5_RandomForest_F0_variance_031,0,4,9.657
M5_RandomForest_F0_variance_031,1,0,11.517
M5_RandomForest_F0_variance_031,1,1,6.3296
M5_RandomForest_F0_variance_031,1,2,10.4269
M5_RandomForest_F0_variance_031,1,3,12.4358
M5_RandomForest_F0_variance_031,1,4,28.6492
M5_RandomForest_F0_variance_031,2,0,11.7329
M5_RandomForest_F0_variance_031,2,1,22.7988
M5_RandomForest_F0_variance_031,2,2,14.7394
M5_RandomForest_F0_variance_031,2,3,7.0181
M5_RandomForest_F0_variance_031,2,4,9.4441
M5_RandomForest_F0_variance_031,3,0,19.3719
M5_RandomForest_F0_variance_031,3,1,8.7728
M5_RandomForest_F0_variance_031,3,2,13.4967
M5_RandomForest_F0_variance_031,3,3,12.3502
M5_RandomForest_F0_variance_031,3,4,6.0214
M5_RandomForest_F0_variance_031,4,0,14.5186
M5_RandomForest_F0_variance_031,4,1,36.2062
M5_RandomForest_F0_variance_031,4,2,12.3502
M5_RandomForest_F0_variance_031,4,3,5.5654
M5_RandomForest_F0_variance_031,4,4,10.8298
M5_RandomForest_F0_variance_032,0,0,9.2674
M5_RandomForest_F0_variance_032,0,1,11.1977
M5_RandomForest_F0_variance_032,0,2,18.2496
M5_RandomForest_F0_variance_032,0,3,31.0967
M5_RandomForest_F0_variance_032,0,4,9.4456
M5_RandomForest_F0_variance_032,1,0,12.5301
M5_RandomForest_F0_variance_032,1,1,7.8397
M5_RandomForest_F0_variance_032,1,2,16.3963
M5_RandomForest_F0_variance_032,1,3,13.068
M5_RandomForest_F0_variance_032,1,4,33.1726
M5_RandomForest_F0_variance_032,2,0,18.0101
M5_RandomForest_F0_variance_032,2,1,24.9759
M5_RandomForest_F0_variance_032,2,2,13.9028
M5_RandomForest_F0_variance_032,2,3,5.4812
M5_RandomForest_F0_variance_032,2,4,8.9636
M5_RandomForest_F0_variance_032,3,0,22.8037
M5_RandomForest_F0_variance_032,3,1,17.9042
M5_RandomForest_F0_variance_032,3,2,19.1555
M5_RandomForest_F0_variance_032,3,3,12.5405
M5_RandomForest_F0_variance_032,3,4,7.6566
M5_RandomForest_F0_variance_032,4,0,18.1048
M5_RandomForest_F0_variance_032,4,1,35.9371
M5_RandomForest_F0_variance_032,4,2,12.5405
M5_RandomForest_F0_variance_032,4,3,8.8509
M5_RandomForest_F0_variance_032,4,4,8.0041
M5_LightGBM_F0_variance_033,0,0,8.043
M5_LightGBM_F0_variance_033,0,1,15.348
M5_LightGBM_F0_variance_033,0,2,24.9247
M5_LightGBM_F0_variance_033,0,3,25.1103
M5_LightGBM_F0_variance_033,0,4,7.3315
M5_LightGBM_F0_variance_033,1,0,9.317
M5_LightGBM_F0_variance_033,1,1,6.7173
M5_LightGBM_F0_variance_033,1,2,19.027
M5_LightGBM_F0_variance_033,1,3,12.2164
M5_LightGBM_F0_variance_033,1,4,32.7659
M5_LightGBM_F0_variance_033,2,0,17.2497
M5_LightGBM_F0_variance_033,2,1,22.0473
M5_LightGBM_F0_variance_033,2,2,12.1107
M5_LightGBM_F0_variance_033,2,3,9.8735
M5_LightGBM_F0_variance_033,2,4,9.3273
M5_LightGBM_F0_variance_033,3,0,20.2841
M5_LightGBM_F0_variance_033,3,1,13.5079
M5_LightGBM_F0_variance_033,3,2,27.899
M5_LightGBM_F0_variance_033,3,3,12.9595
M5_LightGBM_F0_variance_033,3,4,7.2074
M5_LightGBM_F0_variance_033,4,0,21.1459
M5_LightGBM_F0_variance_033,4,1,36.1854
M5_LightGBM_F0_variance_033,4,2,12.9595
M5_LightGBM_F0_variance_033,4,3,7.5255
M5_LightGBM_F0_variance_033,4,4,10.4605
M2_ElasticNet_F1_capacity_034,0,0,7.8453
M2_ElasticNet_F1_capacity_034,0,1,4.9935
M2_ElasticNet_F1_capacity_034,0,2,4.9022
M2_ElasticNet_F1_capacity_034,0,3,8.9442
M2_ElasticNet_F1_capacity_034,0,4,7.3251
M2_ElasticNet_F1_capacity_034,1,0,7.7196
M2_ElasticNet_F1_capacity_034,1,1,3.1704
M2_ElasticNet_F1_capacity_034,1,2,7.4768
M2_ElasticNet_F1_capacity_034,1,3,7.2958
M2_ElasticNet_F1_capacity_034,1,4,10.9115
M2_ElasticNet_F1_capacity_034,2,0,5.034
M2_ElasticNet_F1_capacity_034,2,1,10.245
M2_ElasticNet_F1_capacity_034,2,2,6.201
M2_ElasticNet_F1_capacity_034,2,3,7.2107
M2_ElasticNet_F1_capacity_034,2,4,8.493
M2_ElasticNet_F1_capacity_034,3,0,6.621
M2_ElasticNet_F1_capacity_034,3,1,8.5907
M2_ElasticNet_F1_capacity_034,3,2,8.6859
M2_ElasticNet_F1_capacity_034,3,3,4.8966
M2_ElasticNet_F1_capacity_034,3,4,7.5962
M2_ElasticNet_F1_capacity_034,4,0,9.9276
M2_ElasticNet_F1_capacity_034,4,1,13.7346
M2_ElasticNet_F1_capacity_034,4,2,4.8966
M2_ElasticNet_F1_capacity_034,4,3,6.8873
M2_ElasticNet_F1_capacity_034,4,4,4.1392
M2_ElasticNet_F1_capacity_035,0,0,7.826
M2_ElasticNet_F1_capacity_035,0,1,5.0083
M2_ElasticNet_F1_capacity_035,0,2,4.9181
M2_ElasticNet_F1_capacity_035,0,3,8.8823
M2_ElasticNet_F1_capacity_035,0,4,7.3121
M2_ElasticNet_F1_capacity_035,1,0,7.7077
M2_ElasticNet_F1_capacity_035,1,1,3.1837
M2_ElasticNet_F1_capacity_035,1,2,7.4871
M2_ElasticNet_F1_capacity_035,1,3,7.2606
M2_ElasticNet_F1_capacity_035,1,4,10.8639
M2_ElasticNet_F1_capacity_035,2,0,5.0715
M2_ElasticNet_F1_capacity_035,2,1,10.1638
M2_ElasticNet_F1_capacity_035,2,2,6.1792
M2_ElasticNet_F1_capacity_035,2,3,7.2057
M2_ElasticNet_F1_capacity_035,2,4,8.5086
M2_ElasticNet_F1_capacity_035,3,0,6.5769
M2_ElasticNet_F1_capacity_035,3,1,8.5705
M2_ElasticNet_F1_capacity_035,3,2,8.7093
M2_ElasticNet_F1_capacity_035,3,3,4.9182
M2_ElasticNet_F1_capacity_035,3,4,7.57
M2_ElasticNet_F1_capacity_035,4,0,9.9028
M2_ElasticNet_F1_capacity_035,4,1,13.8958
M2_ElasticNet_F1_capacity_035,4,2,4.9182
M2_ElasticNet_F1_capacity_035,4,3,6.8683
M2_ElasticNet_F1_capacity_035,4,4,4.1277
M2_ElasticNet_F1_capacity_036,0,0,7.8068
M2_ElasticNet_F1_capacity_036,0,1,5.0232
M2_ElasticNet_F1_capacity_036,0,2,4.9341
M2_ElasticNet_F1_capacity_036,0,3,8.8212
M2_ElasticNet_F1_capacity_036,0,4,7.2992
M2_ElasticNet_F1_capacity_036,1,0,7.6957
M2_ElasticNet_F1_capacity_036,1,1,3.1968
M2_ElasticNet_F1_capacity_036,1,2,7.4971
M2_ElasticNet_F1_capacity_036,1,3,7.2257
M2_ElasticNet_F1_capacity_036,1,4,10.817
M2_ElasticNet_F1_capacity_036,2,0,5.1089
M2_ElasticNet_F1_capacity_036,2,1,10.0834
M2_ElasticNet_F1_capacity_036,2,2,6.1575
M2_ElasticNet_F1_capacity_036,2,3,7.2005
M2_ElasticNet_F1_capacity_036,2,4,8.5241
M2_ElasticNet_F1_capacity_036,3,0,6.5362
M2_ElasticNet_F1_capacity_036,3,1,8.5505
M2_ElasticNet_F1_capacity_036,3,2,8.7326
M2_ElasticNet_F1_capacity_036,3,3,4.9395
M2_ElasticNet_F1_capacity_036,3,4,7.5442
M2_ElasticNet_F1_capacity_036,4,0,9.8781
M2_ElasticNet_F1_capacity_036,4,1,14.0559
M2_ElasticNet_F1_capacity_036,4,2,4.9395
M2_ElasticNet_F1_capacity_036,4,3,6.8496
M2_ElasticNet_F1_capacity_036,4,4,4.1159
M2_ElasticNet_F1_capacity_037,0,0,7.8302
M2_ElasticNet_F1_capacity_037,0,1,5.0169
M2_ElasticNet_F1_capacity_037,0,2,4.9113
M2_ElasticNet_F1_capacity_037,0,3,8.8771
M2_ElasticNet_F1_capacity_037,0,4,7.3114
M2_ElasticNet_F1_capacity_037,1,0,7.7123
M2_ElasticNet_F1_capacity_037,1,1,3.1676
M2_ElasticNet_F1_capacity_037,1,2,7.4959
M2_ElasticNet_F1_capacity_037,1,3,7.2646
M2_ElasticNet_F1_capacity_037,1,4,10.8503
M2_ElasticNet_F1_capacity_037,2,0,5.0734
M2_ElasticNet_F1_capacity_037,2,1,10.1558
M2_ElasticNet_F1_capacity_037,2,2,6.1845
M2_ElasticNet_F1_capacity_037,2,3,7.2139
M2_ElasticNet_F1_capacity_037,2,4,8.5031
M2_ElasticNet_F1_capacity_037,3,0,6.5776
M2_ElasticNet_F1_capacity_037,3,1,8.5787
M2_ElasticNet_F1_capacity_037,3,2,8.71
M2_ElasticNet_F1_capacity_037,3,3,4.9121
M2_ElasticNet_F1_capacity_037,3,4,7.5609
M2_ElasticNet_F1_capacity_037,4,0,9.9103
M2_ElasticNet_F1_capacity_037,4,1,13.8807
M2_ElasticNet_F1_capacity_037,4,2,4.9121
M2_ElasticNet_F1_capacity_037,4,3,6.8613
M2_ElasticNet_F1_capacity_037,4,4,4.1393
M2_ElasticNet_F1_capacity_038,0,0,7.7662
M2_ElasticNet_F1_capacity_038,0,1,5.0662
M2_ElasticNet_F1_capacity_038,0,2,4.9806
M2_ElasticNet_F1_capacity_038,0,3,8.6744
M2_ElasticNet_F1_capacity_038,0,4,7.2681
M2_ElasticNet_F1_capacity_038,1,0,7.6721
M2_ElasticNet_F1_capacity_038,1,1,3.211
M2_ElasticNet_F1_capacity_038,1,2,7.5293
M2_ElasticNet_F1_capacity_038,1,3,7.1487
M2_ElasticNet_F1_capacity_038,1,4,10.695
M2_ElasticNet_F1_capacity_038,2,0,5.1979
M2_ElasticNet_F1_capacity_038,2,1,9.8889
M2_ElasticNet_F1_capacity_038,2,2,6.1126
M2_ElasticNet_F1_capacity_038,2,3,7.1965
M2_ElasticNet_F1_capacity_038,2,4,8.5546
M2_ElasticNet_F1_capacity_038,3,0,6.4427
M2_ElasticNet_F1_capacity_038,3,1,8.5115
M2_ElasticNet_F1_capacity_038,3,2,8.788
M2_ElasticNet_F1_capacity_038,3,3,4.9827
M2_ElasticNet_F1_capacity_038,3,4,7.4749
M2_ElasticNet_F1_capacity_038,4,0,9.8436
M2_ElasticNet_F1_capacity_038,4,1,14.4118
M2_ElasticNet_F1_capacity_038,4,2,4.9827
M2_ElasticNet_F1_capacity_038,4,3,6.7989
M2_ElasticNet_F1_capacity_038,4,4,4.1001
M2_ElasticNet_F1_capacity_039,0,0,7.7021
M2_ElasticNet_F1_capacity_039,0,1,5.1155
M2_ElasticNet_F1_capacity_039,0,2,5.156
M2_ElasticNet_F1_capacity_039,0,3,8.4737
M2_ElasticNet_F1_capacity_039,0,4,7.2248
M2_ElasticNet_F1_capacity_039,1,0,7.6318
M2_ElasticNet_F1_capacity_039,1,1,3.2543
M2_ElasticNet_F1_capacity_039,1,2,7.5627
M2_ElasticNet_F1_capacity_039,1,3,7.0335
M2_ElasticNet_F1_capacity_039,1,4,10.5411
M2_ElasticNet_F1_capacity_039,2,0,5.3227
M2_ElasticNet_F1_capacity_039,2,1,9.6226
M2_ElasticNet_F1_capacity_039,2,2,6.0416
M2_ElasticNet_F1_capacity_039,2,3,7.1793
M2_ElasticNet_F1_capacity_039,2,4,8.6059
M2_ElasticNet_F1_capacity_039,3,0,6.3088
M2_ElasticNet_F1_capacity_039,3,1,8.4445
M2_ElasticNet_F1_capacity_039,3,2,8.8665
M2_ElasticNet_F1_capacity_039,3,3,5.0534
M2_ElasticNet_F1_capacity_039,3,4,7.3886
M2_ElasticNet_F1_capacity_039,4,0,9.8337
M2_ElasticNet_F1_capacity_039,4,1,14.9388
M2_ElasticNet_F1_capacity_039,4,2,5.0534
M2_ElasticNet_F1_capacity_039,4,3,6.7859
M2_ElasticNet_F1_capacity_039,4,4,4.0609
M2_ElasticNet_F1_capacity_040,0,0,7.7874
M2_ElasticNet_F1_capacity_040,0,1,5.0833
M2_ElasticNet_F1_capacity_040,0,2,4.9378
M2_ElasticNet_F1_capacity_040,0,3,8.6896
M2_ElasticNet_F1_capacity_040,0,4,7.2722
M2_ElasticNet_F1_capacity_040,1,0,7.6908
M2_ElasticNet_F1_capacity_040,1,1,3.1587
M2_ElasticNet_F1_capacity_040,1,2,7.5497
M2_ElasticNet_F1_capacity_040,1,3,7.177
M2_ElasticNet_F1_capacity_040,1,4,10.6795
M2_ElasticNet_F1_capacity_040,2,0,5.1851
M2_ElasticNet_F1_capacity_040,2,1,9.9057
M2_ElasticNet_F1_capacity_040,2,2,6.1382
M2_ElasticNet_F1_capacity_040,2,3,7.2222
M2_ElasticNet_F1_capacity_040,2,4,8.5312
M2_ElasticNet_F1_capacity_040,3,0,6.4647
M2_ElasticNet_F1_capacity_040,3,1,8.5441
M2_ElasticNet_F1_capacity_040,3,2,8.7788
M2_ElasticNet_F1_capacity_040,3,3,4.9546
M2_ElasticNet_F1_capacity_040,3,4,7.4614
M2_ElasticNet_F1_capacity_040,4,0,9.8677
M2_ElasticNet_F1_capacity_040,4,1,14.2911
M2_ElasticNet_F1_capacity_040,4,2,4.9546
M2_ElasticNet_F1_capacity_040,4,3,6.7994
M2_ElasticNet_F1_capacity_040,4,4,4.1386
M2_ElasticNet_F1_capacity_041,0,0,7.5957
M2_ElasticNet_F1_capacity_041,0,1,5.2306
M2_ElasticNet_F1_capacity_041,0,2,5.4641
M2_ElasticNet_F1_capacity_041,0,3,8.0961
M2_ElasticNet_F1_capacity_041,0,4,7.1989
M2_ElasticNet_F1_capacity_041,1,0,7.5699
M2_ElasticNet_F1_capacity_041,1,1,3.2879
M2_ElasticNet_F1_capacity_041,1,2,7.6492
M2_ElasticNet_F1_capacity_041,1,3,6.8347
M2_ElasticNet_F1_capacity_041,1,4,10.2244
M2_ElasticNet_F1_capacity_041,2,0,5.5595
M2_ElasticNet_F1_capacity_041,2,1,9.1137
M2_ElasticNet_F1_capacity_041,2,2,5.9279
M2_ElasticNet_F1_capacity_041,2,3,7.1707
M2_ElasticNet_F1_capacity_041,2,4,8.684
M2_ElasticNet_F1_capacity_041,3,0,6.0682
M2_ElasticNet_F1_capacity_041,3,1,8.3437
M2_ElasticNet_F1_capacity_041,3,2,9.0144
M2_ElasticNet_F1_capacity_041,3,3,5.4125
M2_ElasticNet_F1_capacity_041,3,4,7.2028
M2_ElasticNet_F1_capacity_041,4,0,9.84
M2_ElasticNet_F1_capacity_041,4,1,15.8542
M2_ElasticNet_F1_capacity_041,4,2,5.4125
M2_ElasticNet_F1_capacity_041,4,3,6.7654
M2_ElasticNet_F1_capacity_041,4,4,4.0216
M2_ElasticNet_F1_capacity_042,0,0,7.4043
M2_ElasticNet_F1_capacity_042,0,1,5.3786
M2_ElasticNet_F1_capacity_042,0,2,5.9974
M2_ElasticNet_F1_capacity_042,0,3,8.0628
M2_ElasticNet_F1_capacity_042,0,4,7.1909
M2_ElasticNet_F1_capacity_042,1,0,7.4487
M2_ElasticNet_F1_capacity_042,1,1,3.4166
M2_ElasticNet_F1_capacity_042,1,2,7.7487
M2_ElasticNet_F1_capacity_042,1,3,6.4992
M2_ElasticNet_F1_capacity_042,1,4,9.8769
M2_ElasticNet_F1_capacity_042,2,0,5.9881
M2_ElasticNet_F1_capacity_042,2,1,8.3263
M2_ElasticNet_F1_capacity_042,2,2,5.7251
M2_ElasticNet_F1_capacity_042,2,3,7.12
M2_ElasticNet_F1_capacity_042,2,4,8.8356
M2_ElasticNet_F1_capacity_042,3,0,5.8618
M2_ElasticNet_F1_capacity_042,3,1,8.1444
M2_ElasticNet_F1_capacity_042,3,2,9.2546
M2_ElasticNet_F1_capacity_042,3,3,6.2099
M2_ElasticNet_F1_capacity_042,3,4,6.9413
M2_ElasticNet_F1_capacity_042,4,0,9.8204
M2_ElasticNet_F1_capacity_042,4,1,17.3811
M2_ElasticNet_F1_capacity_042,4,2,6.2099
M2_ElasticNet_F1_capacity_042,4,3,6.7308
M2_ElasticNet_F1_capacity_042,4,4,3.9052
M2_ElasticNet_F1_capacity_043,0,0,7.6393
M2_ElasticNet_F1_capacity_043,0,1,5.3125
M2_ElasticNet_F1_capacity_043,0,2,5.3958
M2_ElasticNet_F1_capacity_043,0,3,8.0636
M2_ElasticNet_F1_capacity_043,0,4,7.2419
M2_ElasticNet_F1_capacity_043,1,0,7.6156
M2_ElasticNet_F1_capacity_043,1,1,3.1771
M2_ElasticNet_F1_capacity_043,1,2,7.7348
M2_ElasticNet_F1_capacity_043,1,3,6.8808
M2_ElasticNet_F1_capacity_043,1,4,10.1074
M2_ElasticNet_F1_capacity_043,2,0,5.5725
M2_ElasticNet_F1_capacity_043,2,1,9.0564
M2_ElasticNet_F1_capacity_043,2,2,5.9838
M2_ElasticNet_F1_capacity_043,2,3,7.2514
M2_ElasticNet_F1_capacity_043,2,4,8.6252
M2_ElasticNet_F1_capacity_043,3,0,6.0861
M2_ElasticNet_F1_capacity_043,3,1,8.4254
M2_ElasticNet_F1_capacity_043,3,2,9.0171
M2_ElasticNet_F1_capacity_043,3,3,5.3697
M2_ElasticNet_F1_capacity_043,3,4,7.1169
M2_ElasticNet_F1_capacity_043,4,0,9.9174
M2_ElasticNet_F1_capacity_043,4,1,15.6761
M2_ElasticNet_F1_capacity_043,4,2,5.3697
M2_ElasticNet_F1_capacity_043,4,3,6.767
M2_ElasticNet_F1_capacity_043,4,4,4.137
M2_ElasticNet_F1_capacity_044,0,0,7.1554
M2_ElasticNet_F1_capacity_044,0,1,6.0289
M2_ElasticNet_F1_capacity_044,0,2,7.1799
M2_ElasticNet_F1_capacity_044,0,3,9.593
M2_ElasticNet_F1_capacity_044,0,4,7.2142
M2_ElasticNet_F1_capacity_044,1,0,7.6486
M2_ElasticNet_F1_capacity_044,1,1,3.8154
M2_ElasticNet_F1_capacity_044,1,2,8.0602
M2_ElasticNet_F1_capacity_044,1,3,6.4952
M2_ElasticNet_F1_capacity_044,1,4,10.9389
M2_ElasticNet_F1_capacity_044,2,0,7.0839
M2_ElasticNet_F1_capacity_044,2,1,7.3511
M2_ElasticNet_F1_capacity_044,2,2,6.3968
M2_ElasticNet_F1_capacity_044,2,3,7.0856
M2_ElasticNet_F1_capacity_044,2,4,9.1178
M2_ElasticNet_F1_capacity_044,3,0,6.6146
M2_ElasticNet_F1_capacity_044,3,1,7.7702
M2_ElasticNet_F1_capacity_044,3,2,9.8225
M2_ElasticNet_F1_capacity_044,3,3,7.1993
M2_ElasticNet_F1_capacity_044,3,4,6.3387
M2_ElasticNet_F1_capacity_044,4,0,9.8782
M2_ElasticNet_F1_capacity_044,4,1,20.5544
M2_ElasticNet_F1_capacity_044,4,2,7.1993
M2_ElasticNet_F1_capacity_044,4,3,6.6611
M2_ElasticNet_F1_capacity_044,4,4,3.7532
M2_ElasticNet_F1_capacity_045,0,0,7.2072
M2_ElasticNet_F1_capacity_045,0,1,6.9605
M2_ElasticNet_F1_capacity_045,0,2,9.0429
M2_ElasticNet_F1_capacity_045,0,3,10.3386
M2_ElasticNet_F1_capacity_045,0,4,7.2441
M2_ElasticNet_F1_capacity_045,1,0,7.8525
M2_ElasticNet_F1_capacity_045,1,1,4.2431
M2_ElasticNet_F1_capacity_045,1,2,8.8277
M2_ElasticNet_F1_capacity_045,1,3,7.2644
M2_ElasticNet_F1_capacity_045,1,4,12.229
M2_ElasticNet_F1_capacity_045,2,0,8.6496
M2_ElasticNet_F1_capacity_045,2,1,7.9465
M2_ElasticNet_F1_capacity_045,2,2,7.8736
M2_ElasticNet_F1_capacity_045,2,3,6.9291
M2_ElasticNet_F1_capacity_045,2,4,9.301
M2_ElasticNet_F1_capacity_045,3,0,8.6577
M2_ElasticNet_F1_capacity_045,3,1,7.2979
M2_ElasticNet_F1_capacity_045,3,2,10.6804
M2_ElasticNet_F1_capacity_045,3,3,7.0756
M2_ElasticNet_F1_capacity_045,3,4,6.6713
M2_ElasticNet_F1_capacity_045,4,0,9.9305
M2_ElasticNet_F1_capacity_045,4,1,23.8118
M2_ElasticNet_F1_capacity_045,4,2,7.0756
M2_ElasticNet_F1_capacity_045,4,3,7.3084
M2_ElasticNet_F1_capacity_045,4,4,3.7779
M2_ElasticNet_F1_capacity_046,0,0,7.4424
M2_ElasticNet_F1_capacity_046,0,1,5.9389
M2_ElasticNet_F1_capacity_046,0,2,6.68
M2_ElasticNet_F1_capacity_046,0,3,8.9159
M2_ElasticNet_F1_capacity_046,0,4,7.3252
M2_ElasticNet_F1_capacity_046,1,0,7.7885
M2_ElasticNet_F1_capacity_046,1,1,3.5208
M2_ElasticNet_F1_capacity_046,1,2,8.2388
M2_ElasticNet_F1_capacity_046,1,3,6.4736
M2_ElasticNet_F1_capacity_046,1,4,10.4629
M2_ElasticNet_F1_capacity_046,2,0,6.9206
M2_ElasticNet_F1_capacity_046,2,1,7.1974
M2_ElasticNet_F1_capacity_046,2,2,6.2274
M2_ElasticNet_F1_capacity_046,2,3,7.3349
M2_ElasticNet_F1_capacity_046,2,4,8.8604
M2_ElasticNet_F1_capacity_046,3,0,6.5152
M2_ElasticNet_F1_capacity_046,3,1,8.1051
M2_ElasticNet_F1_capacity_046,3,2,9.6799
M2_ElasticNet_F1_capacity_046,3,3,7.1004
M2_ElasticNet_F1_capacity_046,3,4,6.3253
M2_ElasticNet_F1_capacity_046,4,0,10.0824
M2_ElasticNet_F1_capacity_046,4,1,19.2384
M2_ElasticNet_F1_capacity_046,4,2,7.1004
M2_ElasticNet_F1_capacity_046,4,3,6.7213
M2_ElasticNet_F1_capacity_046,4,4,4.1368
M2_ElasticNet_F1_capacity_047,0,0,7.1534
M2_ElasticNet_F1_capacity_047,0,1,7.5059
M2_ElasticNet_F1_capacity_047,0,2,11.5716
M2_ElasticNet_F1_capacity_047,0,3,13.1389
M2_ElasticNet_F1_capacity_047,0,4,7.5974
M2_ElasticNet_F1_capacity_047,1,0,8.159
M2_ElasticNet_F1_capacity_047,1,1,4.133
M2_ElasticNet_F1_capacity_047,1,2,9.9464
M2_ElasticNet_F1_capacity_047,1,3,8.2437
M2_ElasticNet_F1_capacity_047,1,4,15.0792
M2_ElasticNet_F1_capacity_047,2,0,11.2933
M2_ElasticNet_F1_capacity_047,2,1,9.1148
M2_ElasticNet_F1_capacity_047,2,2,9.3615
M2_ElasticNet_F1_capacity_047,2,3,7.1273
M2_ElasticNet_F1_capacity_047,2,4,8.6387
M2_ElasticNet_F1_capacity_047,3,0,11.6907
M2_ElasticNet_F1_capacity_047,3,1,7.7363
M2_ElasticNet_F1_capacity_047,3,2,11.7313
M2_ElasticNet_F1_capacity_047,3,3,8.1263
M2_ElasticNet_F1_capacity_047,3,4,6.8195
M2_ElasticNet_F1_capacity_047,4,0,11.0884
M2_ElasticNet_F1_capacity_047,4,1,28.047
M2_ElasticNet_F1_capacity_047,4,2,8.1263
M2_ElasticNet_F1_capacity_047,4,3,7.5262
M2_ElasticNet_F1_capacity_047,4,4,3.8375
M2_ElasticNet_F1_capacity_048,0,0,7.6791
M2_ElasticNet_F1_capacity_048,0,1,7.9763
M2_ElasticNet_F1_capacity_048,0,2,15.8863
M2_ElasticNet_F1_capacity_048,0,3,17.7743
M2_ElasticNet_F1_capacity_048,0,4,9.1834
M2_ElasticNet_F1_capacity_048,1,0,9.087
M2_ElasticNet_F1_capacity_048,1,1,5.6284
M2_ElasticNet_F1_capacity_048,1,2,11.4908
M2_ElasticNet_F1_capacity_048,1,3,10.3169
M2_ElasticNet_F1_capacity_048,1,4,19.4426
M2_ElasticNet_F1_capacity_048,2,0,15.1583
M2_ElasticNet_F1_capacity_048,2,1,12.0245
M2_ElasticNet_F1_capacity_048,2,2,12.1864
M2_ElasticNet_F1_capacity_048,2,3,8.3083
M2_ElasticNet_F1_capacity_048,2,4,7.7107
M2_ElasticNet_F1_capacity_048,3,0,16.1944
M2_ElasticNet_F1_capacity_048,3,1,9.3029
M2_ElasticNet_F1_capacity_048,3,2,16.2191
M2_ElasticNet_F1_capacity_048,3,3,11.7257
M2_ElasticNet_F1_capacity_048,3,4,6.8961
M2_ElasticNet_F1_capacity_048,4,0,15.1578
M2_ElasticNet_F1_capacity_048,4,1,34.2047
M2_ElasticNet_F1_capacity_048,4,2,11.7257
M2_ElasticNet_F1_capacity_048,4,3,7.6992
M2_ElasticNet_F1_capacity_048,4,4,4.2409
M2_ElasticNet_F1_capacity_049,0,0,7.8694
M2_ElasticNet_F1_capacity_049,0,1,7.7443
M2_ElasticNet_F1_capacity_049,0,2,10.4411
M2_ElasticNet_F1_capacity_049,0,3,13.0899
M2_ElasticNet_F1_capacity_049,0,4,8.0803
M2_ElasticNet_F1_capacity_049,1,0,8.6698
M2_ElasticNet_F1_capacity_049,1,1,4.7104
M2_ElasticNet_F1_capacity_049,1,2,10.3183
M2_ElasticNet_F1_capacity_049,1,3,7.6437
M2_ElasticNet_F1_capacity_049,1,4,15.1125
M2_ElasticNet_F1_capacity_049,2,0,11.114
M2_ElasticNet_F1_capacity_049,2,1,9.5894
M2_ElasticNet_F1_capacity_049,2,2,8.5301
M2_ElasticNet_F1_capacity_049,2,3,7.8009
M2_ElasticNet_F1_capacity_049,2,4,8.1764
M2_ElasticNet_F1_capacity_049,3,0,12.0229
M2_ElasticNet_F1_capacity_049,3,1,7.8969
M2_ElasticNet_F1_capacity_049,3,2,11.3328
M2_ElasticNet_F1_capacity_049,3,3,7.65
M2_ElasticNet_F1_capacity_049,3,4,6.8682
M2_ElasticNet_F1_capacity_049,4,0,10.9592
M2_ElasticNet_F1_capacity_049,4,1,26.7403
M2_ElasticNet_F1_capacity_049,4,2,7.65
M2_ElasticNet_F1_capacity_049,4,3,7.8859
M2_ElasticNet_F1_capacity_049,4,4,4.5888
M2_ElasticNet_F1_capacity_050,0,0,11.921
M2_ElasticNet_F1_capacity_050,0,1,13.1447
M2_ElasticNet_F1_capacity_050,0,2,16.5123
M2_ElasticNet_F1_capacity_050,0,3,24.4043
M2_ElasticNet_F1_capacity_050,0,4,11.5432
M2_ElasticNet_F1_capacity_050,1,0,14.019
M2_ElasticNet_F1_capacity_050,1,1,12.8237
M2_ElasticNet_F1_capacity_050,1,2,14.3106
M2_ElasticNet_F1_capacity_050,1,3,11.1097
M2_ElasticNet_F1_capacity_050,1,4,25.6358
M2_ElasticNet_F1_capacity_050,2,0,18.4951
M2_ElasticNet_F1_capacity_050,2,1,21.105
M2_ElasticNet_F1_capacity_050,2,2,12.5484
M2_ElasticNet_F1_capacity_050,2,3,11.8502
M2_ElasticNet_F1_capacity_050,2,4,8.1226
M2_ElasticNet_F1_capacity_050,3,0,25.8041
M2_ElasticNet_F1_capacity_050,3,1,12.1371
M2_ElasticNet_F1_capacity_050,3,2,16.3813
M2_ElasticNet_F1_capacity_050,3,3,13.7077
M2_ElasticNet_F1_capacity_050,3,4,10.2624
M2_ElasticNet_F1_capacity_050,4,0,16.2151
M2_ElasticNet_F1_capacity_050,4,1,42.2862
M2_ElasticNet_F1_capacity_050,4,2,13.7077
M2_ElasticNet_F1_capacity_050,4,3,12.5638
M2_ElasticNet_F1_capacity_050,4,4,8.245
M2_ElasticNet_F1_capacity_051,0,0,17.1176
M2_ElasticNet_F1_capacity_051,0,1,19.6493
M2_ElasticNet_F1_capacity_051,0,2,17.3826
M2_ElasticNet_F1_capacity_051,0,3,33.1596
M2_ElasticNet_F1_capacity_051,0,4,13.6456
M2_ElasticNet_F1_capacity_051,1,0,19.1767
M2_ElasticNet_F1_capacity_051,1,1,23.0785
M2_ElasticNet_F1_capacity_051,1,2,17.2756
M2_ElasticNet_F1_capacity_051,1,3,11.4008
M2_ElasticNet_F1_capacity_051,1,4,32.2679
M2_ElasticNet_F1_capacity_051,2,0,22.7198
M2_ElasticNet_F1_capacity_051,2,1,35.4423
M2_ElasticNet_F1_capacity_051,2,2,12.48
M2_ElasticNet_F1_capacity_051,2,3,14.8988
M2_ElasticNet_F1_capacity_051,2,4,7.4766
M2_ElasticNet_F1_capacity_051,3,0,39.3491
M2_ElasticNet_F1_capacity_051,3,1,14.4382
M2_ElasticNet_F1_capacity_051,3,2,16.1261
M2_ElasticNet_F1_capacity_051,3,3,16.7142
M2_ElasticNet_F1_capacity_051,3,4,15.1616
M2_ElasticNet_F1_capacity_051,4,0,17.2495
M2_ElasticNet_F1_capacity_051,4,1,44.1549
M2_ElasticNet_F1_capacity_051,4,2,16.7142
M2_ElasticNet_F1_capacity_051,4,3,18.977
M2_ElasticNet_F1_capacity_051,4,4,14.0439
M3_Huber_F1_capacity_052,0,0,7.9745
M3_Huber_F1_capacity_052,0,1,6.0065
M3_Huber_F1_capacity_052,0,2,5.6006
M3_Huber_F1_capacity_052,0,3,9.9861
M3_Huber_F1_capacity_052,0,4,7.4449
M3_Huber_F1_capacity_052,1,0,7.7057
M3_Huber_F1_capacity_052,1,1,4.3463
M3_Huber_F1_capacity_052,1,2,8.573
M3_Huber_F1_capacity_052,1,3,7.0246
M3_Huber_F1_capacity_052,1,4,12.4692
M3_Huber_F1_capacity_052,2,0,6.0742
M3_Huber_F1_capacity_052,2,1,10.5444
M3_Huber_F1_capacity_052,2,2,6.0459
M3_Huber_F1_capacity_052,2,3,7.4668
M3_Huber_F1_capacity_052,2,4,8.9999
M3_Huber_F1_capacity_052,3,0,7.0272
M3_Huber_F1_capacity_052,3,1,8.7465
M3_Huber_F1_capacity_052,3,2,8.7743
M3_Huber_F1_capacity_052,3,3,6.8344
M3_Huber_F1_capacity_052,3,4,6.9822
M3_Huber_F1_capacity_052,4,0,9.7728
M3_Huber_F1_capacity_052,4,1,13.8224
M3_Huber_F1_capacity_052,4,2,6.8344
M3_Huber_F1_capacity_052,4,3,6.6343
M3_Huber_F1_capacity_052,4,4,4.3063
M3_Huber_F1_capacity_053,0,0,7.9745
M3_Huber_F1_capacity_053,0,1,6.0067
M3_Huber_F1_capacity_053,0,2,5.6009
M3_Huber_F1_capacity_053,0,3,9.9857
M3_Huber_F1_capacity_053,0,4,7.4449
M3_Huber_F1_capacity_053,1,0,7.7056
M3_Huber_F1_capacity_053,1,1,4.3456
M3_Huber_F1_capacity_053,1,2,8.5732
M3_Huber_F1_capacity_053,1,3,7.0244
M3_Huber_F1_capacity_053,1,4,12.4689
M3_Huber_F1_capacity_053,2,0,6.0748
M3_Huber_F1_capacity_053,2,1,10.5437
M3_Huber_F1_capacity_053,2,2,6.0459
M3_Huber_F1_capacity_053,2,3,7.4668
M3_Huber_F1_capacity_053,2,4,8.9999
M3_Huber_F1_capacity_053,3,0,7.0267
M3_Huber_F1_capacity_053,3,1,8.7465
M3_Huber_F1_capacity_053,3,2,8.7744
M3_Huber_F1_capacity_053,3,3,6.8347
M3_Huber_F1_capacity_053,3,4,6.9818
M3_Huber_F1_capacity_053,4,0,9.7727
M3_Huber_F1_capacity_053,4,1,13.8234
M3_Huber_F1_capacity_053,4,2,6.8347
M3_Huber_F1_capacity_053,4,3,6.6343
M3_Huber_F1_capacity_053,4,4,4.3066
M3_Huber_F1_capacity_054,0,0,7.9746
M3_Huber_F1_capacity_054,0,1,6.0089
M3_Huber_F1_capacity_054,0,2,5.6038
M3_Huber_F1_capacity_054,0,3,9.9819
M3_Huber_F1_capacity_054,0,4,7.4437
M3_Huber_F1_capacity_054,1,0,7.7052
M3_Huber_F1_capacity_054,1,1,4.3399
M3_Huber_F1_capacity_054,1,2,8.5752
M3_Huber_F1_capacity_054,1,3,7.0231
M3_Huber_F1_capacity_054,1,4,12.4658
M3_Huber_F1_capacity_054,2,0,6.0798
M3_Huber_F1_capacity_054,2,1,10.5377
M3_Huber_F1_capacity_054,2,2,6.0457
M3_Huber_F1_capacity_054,2,3,7.4665
M3_Huber_F1_capacity_054,2,4,9.0001
M3_Huber_F1_capacity_054,3,0,7.022
M3_Huber_F1_capacity_054,3,1,8.7472
M3_Huber_F1_capacity_054,3,2,8.7759
M3_Huber_F1_capacity_054,3,3,6.8382
M3_Huber_F1_capacity_054,3,4,6.9785
M3_Huber_F1_capacity_054,4,0,9.772
M3_Huber_F1_capacity_054,4,1,13.8317
M3_Huber_F1_capacity_054,4,2,6.8382
M3_Huber_F1_capacity_054,4,3,6.6341
M3_Huber_F1_capacity_054,4,4,4.3093
M3_Huber_F1_capacity_055,0,0,7.7754
M3_Huber_F1_capacity_055,0,1,5.6923
M3_Huber_F1_capacity_055,0,2,5.1258
M3_Huber_F1_capacity_055,0,3,9.2062
M3_Huber_F1_capacity_055,0,4,7.325
M3_Huber_F1_capacity_055,1,0,7.6727
M3_Huber_F1_capacity_055,1,1,3.0615
M3_Huber_F1_capacity_055,1,2,8.2185
M3_Huber_F1_capacity_055,1,3,7.1762
M3_Huber_F1_capacity_055,1,4,11.2504
M3_Huber_F1_capacity_055,2,0,5.7143
M3_Huber_F1_capacity_055,2,1,10.0084
M3_Huber_F1_capacity_055,2,2,6.1849
M3_Huber_F1_capacity_055,2,3,7.2067
M3_Huber_F1_capacity_055,2,4,8.808
M3_Huber_F1_capacity_055,3,0,6.7085
M3_Huber_F1_capacity_055,3,1,8.7402
M3_Huber_F1_capacity_055,3,2,8.7772
M3_Huber_F1_capacity_055,3,3,5.3723
M3_Huber_F1_capacity_055,3,4,7.155
M3_Huber_F1_capacity_055,4,0,9.8033
M3_Huber_F1_capacity_055,4,1,13.6126
M3_Huber_F1_capacity_055,4,2,5.3723
M3_Huber_F1_capacity_055,4,3,6.7132
M3_Huber_F1_capacity_055,4,4,4.3672
M3_Huber_F1_capacity_056,0,0,7.7753
M3_Huber_F1_capacity_056,0,1,5.6926
M3_Huber_F1_capacity_056,0,2,5.1261
M3_Huber_F1_capacity_056,0,3,9.2057
M3_Huber_F1_capacity_056,0,4,7.3249
M3_Huber_F1_capacity_056,1,0,7.6727
M3_Huber_F1_capacity_056,1,1,3.0615
M3_Huber_F1_capacity_056,1,2,8.2188
M3_Huber_F1_capacity_056,1,3,7.176
M3_Huber_F1_capacity_056,1,4,11.2497
M3_Huber_F1_capacity_056,2,0,5.7148
M3_Huber_F1_capacity_056,2,1,10.0077
M3_Huber_F1_capacity_056,2,2,6.1848
M3_Huber_F1_capacity_056,2,3,7.2068
M3_Huber_F1_capacity_056,2,4,8.808
M3_Huber_F1_capacity_056,3,0,6.7082
M3_Huber_F1_capacity_056,3,1,8.7402
M3_Huber_F1_capacity_056,3,2,8.7773
M3_Huber_F1_capacity_056,3,3,5.3729
M3_Huber_F1_capacity_056,3,4,7.1547
M3_Huber_F1_capacity_056,4,0,9.8034
M3_Huber_F1_capacity_056,4,1,13.6135
M3_Huber_F1_capacity_056,4,2,5.3729
M3_Huber_F1_capacity_056,4,3,6.7131
M3_Huber_F1_capacity_056,4,4,4.3673
M3_Huber_F1_capacity_057,0,0,7.7745
M3_Huber_F1_capacity_057,0,1,5.6956
M3_Huber_F1_capacity_057,0,2,5.1287
M3_Huber_F1_capacity_057,0,3,9.2007
M3_Huber_F1_capacity_057,0,4,7.3237
M3_Huber_F1_capacity_057,1,0,7.6725
M3_Huber_F1_capacity_057,1,1,3.0612
M3_Huber_F1_capacity_057,1,2,8.2211
M3_Huber_F1_capacity_057,1,3,7.1742
M3_Huber_F1_capacity_057,1,4,11.2446
M3_Huber_F1_capacity_057,2,0,5.7191
M3_Huber_F1_capacity_057,2,1,10.0011
M3_Huber_F1_capacity_057,2,2,6.1843
M3_Huber_F1_capacity_057,2,3,7.2071
M3_Huber_F1_capacity_057,2,4,8.808
M3_Huber_F1_capacity_057,3,0,6.7052
M3_Huber_F1_capacity_057,3,1,8.7403
M3_Huber_F1_capacity_057,3,2,8.779
M3_Huber_F1_capacity_057,3,3,5.3789
M3_Huber_F1_capacity_057,3,4,7.1513
M3_Huber_F1_capacity_057,4,0,9.8045
M3_Huber_F1_capacity_057,4,1,13.6215
M3_Huber_F1_capacity_057,4,2,5.3789
M3_Huber_F1_capacity_057,4,3,6.7128
M3_Huber_F1_capacity_057,4,4,4.3686
M4_GaussianProcess_F1_capacity_058,0,0,7.8229
M4_GaussianProcess_F1_capacity_058,0,1,5.1523
M4_GaussianProcess_F1_capacity_058,0,2,4.8977
M4_GaussianProcess_F1_capacity_058,0,3,8.5394
M4_GaussianProcess_F1_capacity_058,0,4,7.5943
M4_GaussianProcess_F1_capacity_058,1,0,9.9523
M4_GaussianProcess_F1_capacity_058,1,1,3.0804
M4_GaussianProcess_F1_capacity_058,1,2,7.5789
M4_GaussianProcess_F1_capacity_058,1,3,7.2294
M4_GaussianProcess_F1_capacity_058,1,4,10.533
M4_GaussianProcess_F1_capacity_058,2,0,5.2005
M4_GaussianProcess_F1_capacity_058,2,1,9.7122
M4_GaussianProcess_F1_capacity_058,2,2,6.1794
M4_GaussianProcess_F1_capacity_058,2,3,7.5917
M4_GaussianProcess_F1_capacity_058,2,4,8.4951
M4_GaussianProcess_F1_capacity_058,3,0,6.353
M4_GaussianProcess_F1_capacity_058,3,1,8.5927
M4_GaussianProcess_F1_capacity_058,3,2,8.7468
M4_GaussianProcess_F1_capacity_058,3,3,4.913
M4_GaussianProcess_F1_capacity_058,3,4,7.4693
M4_GaussianProcess_F1_capacity_058,4,0,10.5493
M4_GaussianProcess_F1_capacity_058,4,1,19.953
M4_GaussianProcess_F1_capacity_058,4,2,4.913
M4_GaussianProcess_F1_capacity_058,4,3,6.8039
M4_GaussianProcess_F1_capacity_058,4,4,4.1981
M5_RandomForest_F1_capacity_059,0,0,7.6859
M5_RandomForest_F1_capacity_059,0,1,9.3148
M5_RandomForest_F1_capacity_059,0,2,12.9191
M5_RandomForest_F1_capacity_059,0,3,29.8846
M5_RandomForest_F1_capacity_059,0,4,9.4069
M5_RandomForest_F1_capacity_059,1,0,14.3195
M5_RandomForest_F1_capacity_059,1,1,6.8606
M5_RandomForest_F1_capacity_059,1,2,7.3379
M5_RandomForest_F1_capacity_059,1,3,12.1045
M5_RandomForest_F1_capacity_059,1,4,29.5127
M5_RandomForest_F1_capacity_059,2,0,10.6272
M5_RandomForest_F1_capacity_059,2,1,25.7342
M5_RandomForest_F1_capacity_059,2,2,12.6351
M5_RandomForest_F1_capacity_059,2,3,8.4708
M5_RandomForest_F1_capacity_059,2,4,9.8889
M5_RandomForest_F1_capacity_059,3,0,21.6383
M5_RandomForest_F1_capacity_059,3,1,7.7606
M5_RandomForest_F1_capacity_059,3,2,11.1309
M5_RandomForest_F1_capacity_059,3,3,9.6312
M5_RandomForest_F1_capacity_059,3,4,7.5294
M5_RandomForest_F1_capacity_059,4,0,14.708
M5_RandomForest_F1_capacity_059,4,1,35.3244
M5_RandomForest_F1_capacity_059,4,2,9.6312
M5_RandomForest_F1_capacity_059,4,3,5.8945
M5_RandomForest_F1_capacity_059,4,4,14.5291
M5_RandomForest_F1_capacity_060,0,0,9.6201
M5_RandomForest_F1_capacity_060,0,1,11.4768
M5_RandomForest_F1_capacity_060,0,2,18.2836
M5_RandomForest_F1_capacity_060,0,3,31.9631
M5_RandomForest_F1_capacity_060,0,4,9.3532
M5_RandomForest_F1_capacity_060,1,0,13.273
M5_RandomForest_F1_capacity_060,1,1,9.9474
M5_RandomForest_F1_capacity_060,1,2,16.2819
M5_RandomForest_F1_capacity_060,1,3,13.2269
M5_RandomForest_F1_capacity_060,1,4,33.4783
M5_RandomForest_F1_capacity_060,2,0,18.2157
M5_RandomForest_F1_capacity_060,2,1,28.5506
M5_RandomForest_F1_capacity_060,2,2,14.313
M5_RandomForest_F1_capacity_060,2,3,5.0353
M5_RandomForest_F1_capacity_060,2,4,8.7494
M5_RandomForest_F1_capacity_060,3,0,24.1639
M5_RandomForest_F1_capacity_060,3,1,17.8784
M5_RandomForest_F1_capacity_060,3,2,18.6235
M5_RandomForest_F1_capacity_060,3,3,11.9131
M5_RandomForest_F1_capacity_060,3,4,8.2182
M5_RandomForest_F1_capacity_060,4,0,18.3918
M5_RandomForest_F1_capacity_060,4,1,35.8692
M5_RandomForest_F1_capacity_060,4,2,11.9131
M5_RandomForest_F1_capacity_060,4,3,9.0646
M5_RandomForest_F1_capacity_060,4,4,8.9139
M5_RandomForest_F1_capacity_061,0,0,9.0765
M5_RandomForest_F1_capacity_061,0,1,8.7278
M5_RandomForest_F1_capacity_061,0,2,11.9022
M5_RandomForest_F1_capacity_061,0,3,28.8524
M5_RandomForest_F1_capacity_061,0,4,8.7104
M5_RandomForest_F1_capacity_061,1,0,15.0571
M5_RandomForest_F1_capacity_061,1,1,6.3486
M5_RandomForest_F1_capacity_061,1,2,8.9669
M5_RandomForest_F1_capacity_061,1,3,9.4392
M5_RandomForest_F1_capacity_061,1,4,29.5317
M5_RandomForest_F1_capacity_061,2,0,10.9929
M5_RandomForest_F1_capacity_061,2,1,26.6428
M5_RandomForest_F1_capacity_061,2,2,9.8855
M5_RandomForest_F1_capacity_061,2,3,7.1524
M5_RandomForest_F1_capacity_061,2,4,8.8962
M5_RandomForest_F1_capacity_061,3,0,21.4082
M5_RandomForest_F1_capacity_061,3,1,8.1392
M5_RandomForest_F1_capacity_061,3,2,10.2977
M5_RandomForest_F1_capacity_061,3,3,7.9607
M5_RandomForest_F1_capacity_061,3,4,6.9785
M5_RandomForest_F1_capacity_061,4,0,13.8426
M5_RandomForest_F1_capacity_061,4,1,34.9544
M5_RandomForest_F1_capacity_061,4,2,7.9607
M5_RandomForest_F1_capacity_061,4,3,6.9988
M5_RandomForest_F1_capacity_061,4,4,12.9279
M5_RandomForest_F1_capacity_062,0,0,9.758
M5_RandomForest_F1_capacity_062,0,1,11.4621
M5_RandomForest_F1_capacity_062,0,2,18.0112
M5_RandomForest_F1_capacity_062,0,3,31.9622
M5_RandomForest_F1_capacity_062,0,4,9.0235
M5_RandomForest_F1_capacity_062,1,0,13.0803
M5_RandomForest_F1_capacity_062,1,1,9.6608
M5_RandomForest_F1_capacity_062,1,2,16.2664
M5_RandomForest_F1_capacity_062,1,3,13.084
M5_RandomForest_F1_capacity_062,1,4,33.4283
M5_RandomForest_F1_capacity_062,2,0,18.1604
M5_RandomForest_F1_capacity_062,2,1,28.5722
M5_RandomForest_F1_capacity_062,2,2,13.9841
M5_RandomForest_F1_capacity_062,2,3,4.9076
M5_RandomForest_F1_capacity_062,2,4,8.7912
M5_RandomForest_F1_capacity_062,3,0,24.1779
M5_RandomForest_F1_capacity_062,3,1,17.847
M5_RandomForest_F1_capacity_062,3,2,18.1874
M5_RandomForest_F1_capacity_062,3,3,11.8691
M5_RandomForest_F1_capacity_062,3,4,8.2325
M5_RandomForest_F1_capacity_062,4,0,18.1577
M5_RandomForest_F1_capacity_062,4,1,35.8669
M5_RandomForest_F1_capacity_062,4,2,11.8691
M5_RandomForest_F1_capacity_062,4,3,9.158
M5_RandomForest_F1_capacity_062,4,4,9.1079
M5_RandomForest_F1_capacity_063,0,0,9.6354
M5_RandomForest_F1_capacity_063,0,1,8.6532
M5_RandomForest_F1_capacity_063,0,2,10.9924
M5_RandomForest_F1_capacity_063,0,3,28.5719
M5_RandomForest_F1_capacity_063,0,4,7.9202
M5_RandomForest_F1_capacity_063,1,0,14.3406
M5_RandomForest_F1_capacity_063,1,1,6.3107
M5_RandomForest_F1_capacity_063,1,2,9.6399
M5_RandomForest_F1_capacity_063,1,3,9.1634
M5_RandomForest_F1_capacity_063,1,4,29.463
M5_RandomForest_F1_capacity_063,2,0,10.9035
M5_RandomForest_F1_capacity_063,2,1,26.8229
M5_RandomForest_F1_capacity_063,2,2,9.4683
M5_RandomForest_F1_capacity_063,2,3,6.6577
M5_RandomForest_F1_capacity_063,2,4,8.6044
M5_RandomForest_F1_capacity_063,3,0,21.4488
M5_RandomForest_F1_capacity_063,3,1,8.1999
M5_RandomForest_F1_capacity_063,3,2,10.557
M5_RandomForest_F1_capacity_063,3,3,7.8103
M5_RandomForest_F1_capacity_063,3,4,6.4967
M5_RandomForest_F1_capacity_063,4,0,13.7799
M5_RandomForest_F1_capacity_063,4,1,34.909
M5_RandomForest_F1_capacity_063,4,2,7.8103
M5_RandomForest_F1_capacity_063,4,3,7.7425
M5_RandomForest_F1_capacity_063,4,4,12.8487
M5_RandomForest_F1_capacity_064,0,0,9.758
M5_RandomForest_F1_capacity_064,0,1,11.4621
M5_RandomForest_F1_capacity_064,0,2,18.0112
M5_RandomForest_F1_capacity_064,0,3,31.9622
M5_RandomForest_F1_capacity_064,0,4,9.0271
M5_RandomForest_F1_capacity_064,1,0,13.0803
M5_RandomForest_F1_capacity_064,1,1,9.6608
M5_RandomForest_F1_capacity_064,1,2,16.2664
M5_RandomForest_F1_capacity_064,1,3,13.084
M5_RandomForest_F1_capacity_064,1,4,33.4283
M5_RandomForest_F1_capacity_064,2,0,18.1604
M5_RandomForest_F1_capacity_064,2,1,28.5722
M5_RandomForest_F1_capacity_064,2,2,13.9836
M5_RandomForest_F1_capacity_064,2,3,4.9076
M5_RandomForest_F1_capacity_064,2,4,8.7912
M5_RandomForest_F1_capacity_064,3,0,24.1779
M5_RandomForest_F1_capacity_064,3,1,17.847
M5_RandomForest_F1_capacity_064,3,2,18.1842
M5_RandomForest_F1_capacity_064,3,3,11.8691
M5_RandomForest_F1_capacity_064,3,4,8.2325
M5_RandomForest_F1_capacity_064,4,0,18.1577
M5_RandomForest_F1_capacity_064,4,1,35.8669
M5_RandomForest_F1_capacity_064,4,2,11.8691
M5_RandomForest_F1_capacity_064,4,3,9.158
M5_RandomForest_F1_capacity_064,4,4,9.1079
M5_LightGBM_F1_capacity_065,0,0,8.9648
M5_LightGBM_F1_capacity_065,0,1,14.0551
M5_LightGBM_F1_capacity_065,0,2,27.1506
M5_LightGBM_F1_capacity_065,0,3,24.3154
M5_LightGBM_F1_capacity_065,0,4,6.556
M5_LightGBM_F1_capacity_065,1,0,8.8421
M5_LightGBM_F1_capacity_065,1,1,10.9876
M5_LightGBM_F1_capacity_065,1,2,20.4653
M5_LightGBM_F1_capacity_065,1,3,6.9537
M5_LightGBM_F1_capacity_065,1,4,34.2131
M5_LightGBM_F1_capacity_065,2,0,11.8121
M5_LightGBM_F1_capacity_065,2,1,31.3127
M5_LightGBM_F1_capacity_065,2,2,6.4968
M5_LightGBM_F1_capacity_065,2,3,8.8679
M5_LightGBM_F1_capacity_065,2,4,9.3953
M5_LightGBM_F1_capacity_065,3,0,22.9053
M5_LightGBM_F1_capacity_065,3,1,13.454
M5_LightGBM_F1_capacity_065,3,2,27.2808
M5_LightGBM_F1_capacity_065,3,3,8.3975
M5_LightGBM_F1_capacity_065,3,4,7.0507
M5_LightGBM_F1_capacity_065,4,0,21.5523
M5_LightGBM_F1_capacity_065,4,1,34.6539
M5_LightGBM_F1_capacity_065,4,2,8.3975
M5_LightGBM_F1_capacity_065,4,3,10.0496
M5_LightGBM_F1_capacity_065,4,4,13.5146
M2_ElasticNet_F2_full_066,0,0,7.9309
M2_ElasticNet_F2_full_066,0,1,17.8326
M2_ElasticNet_F2_full_066,0,2,4.9022
M2_ElasticNet_F2_full_066,0,3,9.6121
M2_ElasticNet_F2_full_066,0,4,8.3317
M2_ElasticNet_F2_full_066,1,0,7.8708
M2_ElasticNet_F2_full_066,1,1,17.8315
M2_ElasticNet_F2_full_066,1,2,9.194
M2_ElasticNet_F2_full_066,1,3,7.2497
M2_ElasticNet_F2_full_066,1,4,10.8117
M2_ElasticNet_F2_full_066,2,0,5.9767
M2_ElasticNet_F2_full_066,2,1,10.3672
M2_ElasticNet_F2_full_066,2,2,6.1759
M2_ElasticNet_F2_full_066,2,3,7.7442
M2_ElasticNet_F2_full_066,2,4,26.851
M2_ElasticNet_F2_full_066,3,0,7.018
M2_ElasticNet_F2_full_066,3,1,10.0609
M2_ElasticNet_F2_full_066,3,2,8.8019
M2_ElasticNet_F2_full_066,3,3,19.3982
M2_ElasticNet_F2_full_066,3,4,7.9862
M2_ElasticNet_F2_full_066,4,0,10.5905
M2_ElasticNet_F2_full_066,4,1,13.9259
M2_ElasticNet_F2_full_066,4,2,19.3982
M2_ElasticNet_F2_full_066,4,3,7.5242
M2_ElasticNet_F2_full_066,4,4,4.1887
M2_ElasticNet_F2_full_067,0,0,7.9063
M2_ElasticNet_F2_full_067,0,1,17.8147
M2_ElasticNet_F2_full_067,0,2,4.9181
M2_ElasticNet_F2_full_067,0,3,9.4565
M2_ElasticNet_F2_full_067,0,4,8.3049
M2_ElasticNet_F2_full_067,1,0,7.8512
M2_ElasticNet_F2_full_067,1,1,17.7919
M2_ElasticNet_F2_full_067,1,2,9.0967
M2_ElasticNet_F2_full_067,1,3,7.2392
M2_ElasticNet_F2_full_067,1,4,10.7696
M2_ElasticNet_F2_full_067,2,0,5.9212
M2_ElasticNet_F2_full_067,2,1,10.2536
M2_ElasticNet_F2_full_067,2,2,6.1582
M2_ElasticNet_F2_full_067,2,3,7.6837
M2_ElasticNet_F2_full_067,2,4,26.8106
M2_ElasticNet_F2_full_067,3,0,6.888
M2_ElasticNet_F2_full_067,3,1,9.9577
M2_ElasticNet_F2_full_067,3,2,8.8236
M2_ElasticNet_F2_full_067,3,3,19.3744
M2_ElasticNet_F2_full_067,3,4,7.9562
M2_ElasticNet_F2_full_067,4,0,10.586
M2_ElasticNet_F2_full_067,4,1,14.0814
M2_ElasticNet_F2_full_067,4,2,19.3744
M2_ElasticNet_F2_full_067,4,3,7.4699
M2_ElasticNet_F2_full_067,4,4,4.1659
M2_ElasticNet_F2_full_068,0,0,7.886
M2_ElasticNet_F2_full_068,0,1,17.7969
M2_ElasticNet_F2_full_068,0,2,4.9343
M2_ElasticNet_F2_full_068,0,3,9.3042
M2_ElasticNet_F2_full_068,0,4,8.2787
M2_ElasticNet_F2_full_068,1,0,7.8327
M2_ElasticNet_F2_full_068,1,1,17.7543
M2_ElasticNet_F2_full_068,1,2,8.9998
M2_ElasticNet_F2_full_068,1,3,7.2123
M2_ElasticNet_F2_full_068,1,4,10.7302
M2_ElasticNet_F2_full_068,2,0,5.8652
M2_ElasticNet_F2_full_068,2,1,10.1394
M2_ElasticNet_F2_full_068,2,2,6.141
M2_ElasticNet_F2_full_068,2,3,7.626
M2_ElasticNet_F2_full_068,2,4,26.7703
M2_ElasticNet_F2_full_068,3,0,6.7779
M2_ElasticNet_F2_full_068,3,1,9.8547
M2_ElasticNet_F2_full_068,3,2,8.8453
M2_ElasticNet_F2_full_068,3,3,19.3497
M2_ElasticNet_F2_full_068,3,4,7.9266
M2_ElasticNet_F2_full_068,4,0,10.5801
M2_ElasticNet_F2_full_068,4,1,14.2343
M2_ElasticNet_F2_full_068,4,2,19.3497
M2_ElasticNet_F2_full_068,4,3,7.417
M2_ElasticNet_F2_full_068,4,4,4.1429
M2_ElasticNet_F2_full_069,0,0,7.9114
M2_ElasticNet_F2_full_069,0,1,17.8237
M2_ElasticNet_F2_full_069,0,2,4.9107
M2_ElasticNet_F2_full_069,0,3,9.4528
M2_ElasticNet_F2_full_069,0,4,8.3278
M2_ElasticNet_F2_full_069,1,0,7.8572
M2_ElasticNet_F2_full_069,1,1,17.8239
M2_ElasticNet_F2_full_069,1,2,9.1173
M2_ElasticNet_F2_full_069,1,3,7.2361
M2_ElasticNet_F2_full_069,1,4,10.7439
M2_ElasticNet_F2_full_069,2,0,5.9279
M2_ElasticNet_F2_full_069,2,1,10.2531
M2_ElasticNet_F2_full_069,2,2,6.1619
M2_ElasticNet_F2_full_069,2,3,7.7045
M2_ElasticNet_F2_full_069,2,4,26.8254
M2_ElasticNet_F2_full_069,3,0,6.9037
M2_ElasticNet_F2_full_069,3,1,9.9629
M2_ElasticNet_F2_full_069,3,2,8.8321
M2_ElasticNet_F2_full_069,3,3,19.3782
M2_ElasticNet_F2_full_069,3,4,7.9565
M2_ElasticNet_F2_full_069,4,0,10.6184
M2_ElasticNet_F2_full_069,4,1,14.0735
M2_ElasticNet_F2_full_069,4,2,19.3782
M2_ElasticNet_F2_full_069,4,3,7.4779
M2_ElasticNet_F2_full_069,4,4,4.1736
M2_ElasticNet_F2_full_070,0,0,7.842
M2_ElasticNet_F2_full_070,0,1,17.7638
M2_ElasticNet_F2_full_070,0,2,5.0095
M2_ElasticNet_F2_full_070,0,3,8.9533
M2_ElasticNet_F2_full_070,0,4,8.2406
M2_ElasticNet_F2_full_070,1,0,7.7944
M2_ElasticNet_F2_full_070,1,1,17.6985
M2_ElasticNet_F2_full_070,1,2,8.7936
M2_ElasticNet_F2_full_070,1,3,7.1462
M2_ElasticNet_F2_full_070,1,4,10.6127
M2_ElasticNet_F2_full_070,2,0,5.7402
M2_ElasticNet_F2_full_070,2,1,9.8712
M2_ElasticNet_F2_full_070,2,2,6.1018
M2_ElasticNet_F2_full_070,2,3,7.5248
M2_ElasticNet_F2_full_070,2,4,26.6903
M2_ElasticNet_F2_full_070,3,0,6.5573
M2_ElasticNet_F2_full_070,3,1,9.6222
M2_ElasticNet_F2_full_070,3,2,8.9047
M2_ElasticNet_F2_full_070,3,3,19.295
M2_ElasticNet_F2_full_070,3,4,7.8578
M2_ElasticNet_F2_full_070,4,0,10.5991
M2_ElasticNet_F2_full_070,4,1,14.5806
M2_ElasticNet_F2_full_070,4,2,19.295
M2_ElasticNet_F2_full_070,4,3,7.3004
M2_ElasticNet_F2_full_070,4,4,4.0971
M2_ElasticNet_F2_full_071,0,0,7.7706
M2_ElasticNet_F2_full_071,0,1,17.7009
M2_ElasticNet_F2_full_071,0,2,5.1966
M2_ElasticNet_F2_full_071,0,3,8.4657
M2_ElasticNet_F2_full_071,0,4,8.1533
M2_ElasticNet_F2_full_071,1,0,7.7327
M2_ElasticNet_F2_full_071,1,1,17.5718
M2_ElasticNet_F2_full_071,1,2,8.4664
M2_ElasticNet_F2_full_071,1,3,7.0336
M2_ElasticNet_F2_full_071,1,4,10.4706
M2_ElasticNet_F2_full_071,2,0,5.5573
M2_ElasticNet_F2_full_071,2,1,9.4899
M2_ElasticNet_F2_full_071,2,2,6.0416
M2_ElasticNet_F2_full_071,2,3,7.4471
M2_ElasticNet_F2_full_071,2,4,26.5516
M2_ElasticNet_F2_full_071,3,0,6.3088
M2_ElasticNet_F2_full_071,3,1,9.281
M2_ElasticNet_F2_full_071,3,2,8.9782
M2_ElasticNet_F2_full_071,3,3,19.2103
M2_ElasticNet_F2_full_071,3,4,7.7583
M2_ElasticNet_F2_full_071,4,0,10.5807
M2_ElasticNet_F2_full_071,4,1,15.084
M2_ElasticNet_F2_full_071,4,2,19.2103
M2_ElasticNet_F2_full_071,4,3,7.1924
M2_ElasticNet_F2_full_071,4,4,4.0263
M2_ElasticNet_F2_full_072,0,0,7.859
M2_ElasticNet_F2_full_072,0,1,17.7988
M2_ElasticNet_F2_full_072,0,2,5.0168
M2_ElasticNet_F2_full_072,0,3,9.0147
M2_ElasticNet_F2_full_072,0,4,8.3179
M2_ElasticNet_F2_full_072,1,0,7.8191
M2_ElasticNet_F2_full_072,1,1,17.808
M2_ElasticNet_F2_full_072,1,2,8.8998
M2_ElasticNet_F2_full_072,1,3,7.1724
M2_ElasticNet_F2_full_072,1,4,10.5564
M2_ElasticNet_F2_full_072,2,0,5.7887
M2_ElasticNet_F2_full_072,2,1,9.9275
M2_ElasticNet_F2_full_072,2,2,6.1406
M2_ElasticNet_F2_full_072,2,3,7.5988
M2_ElasticNet_F2_full_072,2,4,26.7523
M2_ElasticNet_F2_full_072,3,0,6.6483
M2_ElasticNet_F2_full_072,3,1,9.6893
M2_ElasticNet_F2_full_072,3,2,8.9184
M2_ElasticNet_F2_full_072,3,3,19.3201
M2_ElasticNet_F2_full_072,3,4,7.8726
M2_ElasticNet_F2_full_072,4,0,10.6937
M2_ElasticNet_F2_full_072,4,1,14.4843
M2_ElasticNet_F2_full_072,4,2,19.3201
M2_ElasticNet_F2_full_072,4,3,7.3471
M2_ElasticNet_F2_full_072,4,4,4.1311
M2_ElasticNet_F2_full_073,0,0,7.6448
M2_ElasticNet_F2_full_073,0,1,17.6056
M2_ElasticNet_F2_full_073,0,2,5.5782
M2_ElasticNet_F2_full_073,0,3,8.0549
M2_ElasticNet_F2_full_073,0,4,8.0565
M2_ElasticNet_F2_full_073,1,0,7.6338
M2_ElasticNet_F2_full_073,1,1,17.4271
M2_ElasticNet_F2_full_073,1,2,7.9189
M2_ElasticNet_F2_full_073,1,3,6.8347
M2_ElasticNet_F2_full_073,1,4,10.1348
M2_ElasticNet_F2_full_073,2,0,5.5594
M2_ElasticNet_F2_full_073,2,1,8.9527
M2_ElasticNet_F2_full_073,2,2,5.9345
M2_ElasticNet_F2_full_073,2,3,7.3501
M2_ElasticNet_F2_full_073,2,4,26.3295
M2_ElasticNet_F2_full_073,3,0,6.068
M2_ElasticNet_F2_full_073,3,1,8.6727
M2_ElasticNet_F2_full_073,3,2,9.1394
M2_ElasticNet_F2_full_073,3,3,19.0543
M2_ElasticNet_F2_full_073,3,4,7.5751
M2_ElasticNet_F2_full_073,4,0,10.6405
M2_ElasticNet_F2_full_073,4,1,15.9621
M2_ElasticNet_F2_full_073,4,2,19.0543
M2_ElasticNet_F2_full_073,4,3,7.1374
M2_ElasticNet_F2_full_073,4,4,4.0192
M2_ElasticNet_F2_full_074,0,0,7.4287
M2_ElasticNet_F2_full_074,0,1,17.3775
M2_ElasticNet_F2_full_074,0,2,6.1487
M2_ElasticNet_F2_full_074,0,3,8.0915
M2_ElasticNet_F2_full_074,0,4,7.7948
M2_ElasticNet_F2_full_074,1,0,7.6908
M2_ElasticNet_F2_full_074,1,1,17.0334
M2_ElasticNet_F2_full_074,1,2,7.7558
M2_ElasticNet_F2_full_074,1,3,6.4993
M2_ElasticNet_F2_full_074,1,4,10.1893
M2_ElasticNet_F2_full_074,2,0,5.9879
M2_ElasticNet_F2_full_074,2,1,8.1925
M2_ElasticNet_F2_full_074,2,2,5.7251
M2_ElasticNet_F2_full_074,2,3,7.1051
M2_ElasticNet_F2_full_074,2,4,25.8712
M2_ElasticNet_F2_full_074,3,0,5.862
M2_ElasticNet_F2_full_074,3,1,8.1444
M2_ElasticNet_F2_full_074,3,2,9.3744
M2_ElasticNet_F2_full_074,3,3,19.0184
M2_ElasticNet_F2_full_074,3,4,7.2742
M2_ElasticNet_F2_full_074,4,0,10.5959
M2_ElasticNet_F2_full_074,4,1,17.3992
M2_ElasticNet_F2_full_074,4,2,19.0184
M2_ElasticNet_F2_full_074,4,3,7.0322
M2_ElasticNet_F2_full_074,4,4,3.9051
M2_ElasticNet_F2_full_075,0,0,7.6713
M2_ElasticNet_F2_full_075,0,1,17.7061
M2_ElasticNet_F2_full_075,0,2,5.6822
M2_ElasticNet_F2_full_075,0,3,7.9314
M2_ElasticNet_F2_full_075,0,4,8.2784
M2_ElasticNet_F2_full_075,1,0,7.7534
M2_ElasticNet_F2_full_075,1,1,17.7476
M2_ElasticNet_F2_full_075,1,2,8.1544
M2_ElasticNet_F2_full_075,1,3,6.8837
M2_ElasticNet_F2_full_075,1,4,9.9533
M2_ElasticNet_F2_full_075,2,0,5.583
M2_ElasticNet_F2_full_075,2,1,8.8986
M2_ElasticNet_F2_full_075,2,2,6.065
M2_ElasticNet_F2_full_075,2,3,7.4697
M2_ElasticNet_F2_full_075,2,4,26.4813
M2_ElasticNet_F2_full_075,3,0,6.0842
M2_ElasticNet_F2_full_075,3,1,8.778
M2_ElasticNet_F2_full_075,3,2,9.2154
M2_ElasticNet_F2_full_075,3,3,19.1013
M2_ElasticNet_F2_full_075,3,4,7.5812
M2_ElasticNet_F2_full_075,4,0,10.948
M2_ElasticNet_F2_full_075,4,1,15.8494
M2_ElasticNet_F2_full_075,4,2,19.1013
M2_ElasticNet_F2_full_075,4,3,7.1698
M2_ElasticNet_F2_full_075,4,4,4.0819
M2_ElasticNet_F2_full_076,0,0,7.4176
M2_ElasticNet_F2_full_076,0,1,16.8821
M2_ElasticNet_F2_full_076,0,2,7.5895
M2_ElasticNet_F2_full_076,0,3,9.51
M2_ElasticNet_F2_full_076,0,4,7.6868
M2_ElasticNet_F2_full_076,1,0,7.9874
M2_ElasticNet_F2_full_076,1,1,16.4132
M2_ElasticNet_F2_full_076,1,2,8.0602
M2_ElasticNet_F2_full_076,1,3,6.4952
M2_ElasticNet_F2_full_076,1,4,11.4517
M2_ElasticNet_F2_full_076,2,0,7.0839
M2_ElasticNet_F2_full_076,2,1,7.7287
M2_ElasticNet_F2_full_076,2,2,6.3953
M2_ElasticNet_F2_full_076,2,3,6.9117
M2_ElasticNet_F2_full_076,2,4,24.8337
M2_ElasticNet_F2_full_076,3,0,6.7712
M2_ElasticNet_F2_full_076,3,1,7.7702
M2_ElasticNet_F2_full_076,3,2,10.0165
M2_ElasticNet_F2_full_076,3,3,18.4746
M2_ElasticNet_F2_full_076,3,4,7.1611
M2_ElasticNet_F2_full_076,4,0,10.8175
M2_ElasticNet_F2_full_076,4,1,20.554
M2_ElasticNet_F2_full_076,4,2,18.4746
M2_ElasticNet_F2_full_076,4,3,6.8865
M2_ElasticNet_F2_full_076,4,4,3.7476
M2_ElasticNet_F2_full_077,0,0,7.482
M2_ElasticNet_F2_full_077,0,1,15.8396
M2_ElasticNet_F2_full_077,0,2,9.4962
M2_ElasticNet_F2_full_077,0,3,10.3692
M2_ElasticNet_F2_full_077,0,4,7.6898
M2_ElasticNet_F2_full_077,1,0,8.2249
M2_ElasticNet_F2_full_077,1,1,15.1144
M2_ElasticNet_F2_full_077,1,2,8.8277
M2_ElasticNet_F2_full_077,1,3,7.2644
M2_ElasticNet_F2_full_077,1,4,12.7152
M2_ElasticNet_F2_full_077,2,0,8.6637
M2_ElasticNet_F2_full_077,2,1,7.9415
M2_ElasticNet_F2_full_077,2,2,7.8736
M2_ElasticNet_F2_full_077,2,3,6.6788
M2_ElasticNet_F2_full_077,2,4,21.7689
M2_ElasticNet_F2_full_077,3,0,9.0069
M2_ElasticNet_F2_full_077,3,1,7.2979
M2_ElasticNet_F2_full_077,3,2,10.8362
M2_ElasticNet_F2_full_077,3,3,16.5032
M2_ElasticNet_F2_full_077,3,4,7.2754
M2_ElasticNet_F2_full_077,4,0,10.7943
M2_ElasticNet_F2_full_077,4,1,23.8118
M2_ElasticNet_F2_full_077,4,2,16.5032
M2_ElasticNet_F2_full_077,4,3,7.3664
M2_ElasticNet_F2_full_077,4,4,3.7159
M2_ElasticNet_F2_full_078,0,0,7.8931
M2_ElasticNet_F2_full_078,0,1,17.3848
M2_ElasticNet_F2_full_078,0,2,7.4778
M2_ElasticNet_F2_full_078,0,3,9.1025
M2_ElasticNet_F2_full_078,0,4,8.1204
M2_ElasticNet_F2_full_078,1,0,8.3086
M2_ElasticNet_F2_full_078,1,1,17.5355
M2_ElasticNet_F2_full_078,1,2,8.2475
M2_ElasticNet_F2_full_078,1,3,6.3391
M2_ElasticNet_F2_full_078,1,4,11.0747
M2_ElasticNet_F2_full_078,2,0,6.9476
M2_ElasticNet_F2_full_078,2,1,7.5956
M2_ElasticNet_F2_full_078,2,2,6.203
M2_ElasticNet_F2_full_078,2,3,6.9779
M2_ElasticNet_F2_full_078,2,4,25.5698
M2_ElasticNet_F2_full_078,3,0,6.7927
M2_ElasticNet_F2_full_078,3,1,8.06
M2_ElasticNet_F2_full_078,3,2,10.0314
M2_ElasticNet_F2_full_078,3,3,18.6343
M2_ElasticNet_F2_full_078,3,4,7.4023
M2_ElasticNet_F2_full_078,4,0,11.6005
M2_ElasticNet_F2_full_078,4,1,19.3148
M2_ElasticNet_F2_full_078,4,2,18.6343
M2_ElasticNet_F2_full_078,4,3,7.0248
M2_ElasticNet_F2_full_078,4,4,3.9436
M2_ElasticNet_F2_full_079,0,0,7.3745
M2_ElasticNet_F2_full_079,0,1,11.1735
M2_ElasticNet_F2_full_079,0,2,12.0616
M2_ElasticNet_F2_full_079,0,3,13.2947
M2_ElasticNet_F2_full_079,0,4,7.7678
M2_ElasticNet_F2_full_079,1,0,8.5139
M2_ElasticNet_F2_full_079,1,1,13.2027
M2_ElasticNet_F2_full_079,1,2,9.9464
M2_ElasticNet_F2_full_079,1,3,8.2437
M2_ElasticNet_F2_full_079,1,4,15.3675
M2_ElasticNet_F2_full_079,2,0,11.3206
M2_ElasticNet_F2_full_079,2,1,9.1148
M2_ElasticNet_F2_full_079,2,2,9.3615
M2_ElasticNet_F2_full_079,2,3,6.8324
M2_ElasticNet_F2_full_079,2,4,11.6605
M2_ElasticNet_F2_full_079,3,0,11.8736
M2_ElasticNet_F2_full_079,3,1,7.6545
M2_ElasticNet_F2_full_079,3,2,11.7759
M2_ElasticNet_F2_full_079,3,3,8.1263
M2_ElasticNet_F2_full_079,3,4,7.3468
M2_ElasticNet_F2_full_079,4,0,11.2514
M2_ElasticNet_F2_full_079,4,1,28.047
M2_ElasticNet_F2_full_079,4,2,8.1263
M2_ElasticNet_F2_full_079,4,3,7.5831
M2_ElasticNet_F2_full_079,4,4,3.6804
M2_ElasticNet_F2_full_080,0,0,7.6791
M2_ElasticNet_F2_full_080,0,1,7.9763
M2_ElasticNet_F2_full_080,0,2,15.8863
M2_ElasticNet_F2_full_080,0,3,17.7743
M2_ElasticNet_F2_full_080,0,4,9.205
M2_ElasticNet_F2_full_080,1,0,9.1219
M2_ElasticNet_F2_full_080,1,1,5.6284
M2_ElasticNet_F2_full_080,1,2,11.4908
M2_ElasticNet_F2_full_080,1,3,10.3169
M2_ElasticNet_F2_full_080,1,4,19.4426
M2_ElasticNet_F2_full_080,2,0,15.1583
M2_ElasticNet_F2_full_080,2,1,12.0245
M2_ElasticNet_F2_full_080,2,2,12.1864
M2_ElasticNet_F2_full_080,2,3,8.2593
M2_ElasticNet_F2_full_080,2,4,8.004
M2_ElasticNet_F2_full_080,3,0,16.1944
M2_ElasticNet_F2_full_080,3,1,9.3029
M2_ElasticNet_F2_full_080,3,2,16.2191
M2_ElasticNet_F2_full_080,3,3,11.7257
M2_ElasticNet_F2_full_080,3,4,7.099
M2_ElasticNet_F2_full_080,4,0,15.1578
M2_ElasticNet_F2_full_080,4,1,34.2047
M2_ElasticNet_F2_full_080,4,2,11.7257
M2_ElasticNet_F2_full_080,4,3,7.6992
M2_ElasticNet_F2_full_080,4,4,4.2409
M2_ElasticNet_F2_full_081,0,0,8.8615
M2_ElasticNet_F2_full_081,0,1,14.4713
M2_ElasticNet_F2_full_081,0,2,11.8159
M2_ElasticNet_F2_full_081,0,3,13.8659
M2_ElasticNet_F2_full_081,0,4,8.4319
M2_ElasticNet_F2_full_081,1,0,9.4613
M2_ElasticNet_F2_full_081,1,1,16.883
M2_ElasticNet_F2_full_081,1,2,9.5883
M2_ElasticNet_F2_full_081,1,3,7.0893
M2_ElasticNet_F2_full_081,1,4,15.8636
M2_ElasticNet_F2_full_081,2,0,11.1745
M2_ElasticNet_F2_full_081,2,1,9.6788
M2_ElasticNet_F2_full_081,2,2,7.5286
M2_ElasticNet_F2_full_081,2,3,7.3463
M2_ElasticNet_F2_full_081,2,4,17.0574
M2_ElasticNet_F2_full_081,3,0,12.743
M2_ElasticNet_F2_full_081,3,1,7.8156
M2_ElasticNet_F2_full_081,3,2,11.7679
M2_ElasticNet_F2_full_081,3,3,11.9292
M2_ElasticNet_F2_full_081,3,4,7.9503
M2_ElasticNet_F2_full_081,4,0,13.2107
M2_ElasticNet_F2_full_081,4,1,26.7403
M2_ElasticNet_F2_full_081,4,2,11.9292
M2_ElasticNet_F2_full_081,4,3,8.1622
M2_ElasticNet_F2_full_081,4,4,4.7626
M2_ElasticNet_F2_full_082,0,0,11.921
M2_ElasticNet_F2_full_082,0,1,13.1447
M2_ElasticNet_F2_full_082,0,2,16.5123
M2_ElasticNet_F2_full_082,0,3,24.4043
M2_ElasticNet_F2_full_082,0,4,11.5432
M2_ElasticNet_F2_full_082,1,0,14.019
M2_ElasticNet_F2_full_082,1,1,12.8237
M2_ElasticNet_F2_full_082,1,2,14.3106
M2_ElasticNet_F2_full_082,1,3,11.1097
M2_ElasticNet_F2_full_082,1,4,25.6358
M2_ElasticNet_F2_full_082,2,0,18.4951
M2_ElasticNet_F2_full_082,2,1,21.105
M2_ElasticNet_F2_full_082,2,2,12.5484
M2_ElasticNet_F2_full_082,2,3,11.8502
M2_ElasticNet_F2_full_082,2,4,8.1226
M2_ElasticNet_F2_full_082,3,0,25.8041
M2_ElasticNet_F2_full_082,3,1,12.1371
M2_ElasticNet_F2_full_082,3,2,16.3813
M2_ElasticNet_F2_full_082,3,3,13.7077
M2_ElasticNet_F2_full_082,3,4,10.2624
M2_ElasticNet_F2_full_082,4,0,16.2151
M2_ElasticNet_F2_full_082,4,1,42.2862
M2_ElasticNet_F2_full_082,4,2,13.7077
M2_ElasticNet_F2_full_082,4,3,12.5638
M2_ElasticNet_F2_full_082,4,4,8.245
M2_ElasticNet_F2_full_083,0,0,17.1176
M2_ElasticNet_F2_full_083,0,1,19.6493
M2_ElasticNet_F2_full_083,0,2,17.3826
M2_ElasticNet_F2_full_083,0,3,33.1596
M2_ElasticNet_F2_full_083,0,4,13.6456
M2_ElasticNet_F2_full_083,1,0,19.1767
M2_ElasticNet_F2_full_083,1,1,23.0785
M2_ElasticNet_F2_full_083,1,2,17.2756
M2_ElasticNet_F2_full_083,1,3,11.4008
M2_ElasticNet_F2_full_083,1,4,32.2679
M2_ElasticNet_F2_full_083,2,0,22.7198
M2_ElasticNet_F2_full_083,2,1,35.4423
M2_ElasticNet_F2_full_083,2,2,12.48
M2_ElasticNet_F2_full_083,2,3,14.8988
M2_ElasticNet_F2_full_083,2,4,7.4766
M2_ElasticNet_F2_full_083,3,0,39.3491
M2_ElasticNet_F2_full_083,3,1,14.4382
M2_ElasticNet_F2_full_083,3,2,16.1261
M2_ElasticNet_F2_full_083,3,3,16.7142
M2_ElasticNet_F2_full_083,3,4,15.1616
M2_ElasticNet_F2_full_083,4,0,17.2495
M2_ElasticNet_F2_full_083,4,1,44.1549
M2_ElasticNet_F2_full_083,4,2,16.7142
M2_ElasticNet_F2_full_083,4,3,18.977
M2_ElasticNet_F2_full_083,4,4,14.0439
M3_Huber_F2_full_084,0,0,8.1571
M3_Huber_F2_full_084,0,1,17.5745
M3_Huber_F2_full_084,0,2,5.6702
M3_Huber_F2_full_084,0,3,11.0904
M3_Huber_F2_full_084,0,4,10.3816
M3_Huber_F2_full_084,1,0,8.141
M3_Huber_F2_full_084,1,1,16.53
M3_Huber_F2_full_084,1,2,10.3918
M3_Huber_F2_full_084,1,3,6.7074
M3_Huber_F2_full_084,1,4,11.8386
M3_Huber_F2_full_084,2,0,6.2463
M3_Huber_F2_full_084,2,1,10.7594
M3_Huber_F2_full_084,2,2,5.7974
M3_Huber_F2_full_084,2,3,9.0199
M3_Huber_F2_full_084,2,4,27.1694
M3_Huber_F2_full_084,3,0,7.1445
M3_Huber_F2_full_084,3,1,9.7492
M3_Huber_F2_full_084,3,2,9.0753
M3_Huber_F2_full_084,3,3,19.2487
M3_Huber_F2_full_084,3,4,7.4867
M3_Huber_F2_full_084,4,0,9.9886
M3_Huber_F2_full_084,4,1,14.1842
M3_Huber_F2_full_084,4,2,19.2487
M3_Huber_F2_full_084,4,3,7.1928
M3_Huber_F2_full_084,4,4,3.9268
M3_Huber_F2_full_085,0,0,8.1572
M3_Huber_F2_full_085,0,1,17.5746
M3_Huber_F2_full_085,0,2,5.6709
M3_Huber_F2_full_085,0,3,11.0898
M3_Huber_F2_full_085,0,4,10.3817
M3_Huber_F2_full_085,1,0,8.1408
M3_Huber_F2_full_085,1,1,16.5306
M3_Huber_F2_full_085,1,2,10.3915
M3_Huber_F2_full_085,1,3,6.7073
M3_Huber_F2_full_085,1,4,11.8379
M3_Huber_F2_full_085,2,0,6.2459
M3_Huber_F2_full_085,2,1,10.7585
M3_Huber_F2_full_085,2,2,5.7975
M3_Huber_F2_full_085,2,3,9.0196
M3_Huber_F2_full_085,2,4,27.1694
M3_Huber_F2_full_085,3,0,7.1436
M3_Huber_F2_full_085,3,1,9.7488
M3_Huber_F2_full_085,3,2,9.0755
M3_Huber_F2_full_085,3,3,19.2488
M3_Huber_F2_full_085,3,4,7.4864
M3_Huber_F2_full_085,4,0,9.9889
M3_Huber_F2_full_085,4,1,14.1849
M3_Huber_F2_full_085,4,2,19.2488
M3_Huber_F2_full_085,4,3,7.1925
M3_Huber_F2_full_085,4,4,3.9269
M3_Huber_F2_full_086,0,0,8.1581
M3_Huber_F2_full_086,0,1,17.5752
M3_Huber_F2_full_086,0,2,5.6771
M3_Huber_F2_full_086,0,3,11.085
M3_Huber_F2_full_086,0,4,10.3832
M3_Huber_F2_full_086,1,0,8.1399
M3_Huber_F2_full_086,1,1,16.536
M3_Huber_F2_full_086,1,2,10.3886
M3_Huber_F2_full_086,1,3,6.7064
M3_Huber_F2_full_086,1,4,11.8315
M3_Huber_F2_full_086,2,0,6.2431
M3_Huber_F2_full_086,2,1,10.7509
M3_Huber_F2_full_086,2,2,5.7983
M3_Huber_F2_full_086,2,3,9.0171
M3_Huber_F2_full_086,2,4,27.1692
M3_Huber_F2_full_086,3,0,7.1346
M3_Huber_F2_full_086,3,1,9.7455
M3_Huber_F2_full_086,3,2,9.0773
M3_Huber_F2_full_086,3,3,19.2488
M3_Huber_F2_full_086,3,4,7.4843
M3_Huber_F2_full_086,4,0,9.9912
M3_Huber_F2_full_086,4,1,14.1917
M3_Huber_F2_full_086,4,2,19.2488
M3_Huber_F2_full_086,4,3,7.1907
M3_Huber_F2_full_086,4,4,3.928
M3_Huber_F2_full_087,0,0,7.8311
M3_Huber_F2_full_087,0,1,18.1193
M3_Huber_F2_full_087,0,2,5.2675
M3_Huber_F2_full_087,0,3,9.6211
M3_Huber_F2_full_087,0,4,9.1771
M3_Huber_F2_full_087,1,0,7.9481
M3_Huber_F2_full_087,1,1,17.5788
M3_Huber_F2_full_087,1,2,9.9369
M3_Huber_F2_full_087,1,3,7.035
M3_Huber_F2_full_087,1,4,10.96
M3_Huber_F2_full_087,2,0,6.3395
M3_Huber_F2_full_087,2,1,10.07
M3_Huber_F2_full_087,2,2,6.0921
M3_Huber_F2_full_087,2,3,8.3357
M3_Huber_F2_full_087,2,4,26.6935
M3_Huber_F2_full_087,3,0,7.0719
M3_Huber_F2_full_087,3,1,10.045
M3_Huber_F2_full_087,3,2,8.9541
M3_Huber_F2_full_087,3,3,19.2375
M3_Huber_F2_full_087,3,4,7.5333
M3_Huber_F2_full_087,4,0,10.4297
M3_Huber_F2_full_087,4,1,13.686
M3_Huber_F2_full_087,4,2,19.2375
M3_Huber_F2_full_087,4,3,7.3252
M3_Huber_F2_full_087,4,4,4.2857
M3_Huber_F2_full_088,0,0,7.831
M3_Huber_F2_full_088,0,1,18.1193
M3_Huber_F2_full_088,0,2,5.2681
M3_Huber_F2_full_088,0,3,9.6201
M3_Huber_F2_full_088,0,4,9.1771
M3_Huber_F2_full_088,1,0,7.9481
M3_Huber_F2_full_088,1,1,17.579
M3_Huber_F2_full_088,1,2,9.9367
M3_Huber_F2_full_088,1,3,7.0348
M3_Huber_F2_full_088,1,4,10.9594
M3_Huber_F2_full_088,2,0,6.3392
M3_Huber_F2_full_088,2,1,10.0693
M3_Huber_F2_full_088,2,2,6.0922
M3_Huber_F2_full_088,2,3,8.3355
M3_Huber_F2_full_088,2,4,26.6935
M3_Huber_F2_full_088,3,0,7.0714
M3_Huber_F2_full_088,3,1,10.0444
M3_Huber_F2_full_088,3,2,8.9543
M3_Huber_F2_full_088,3,3,19.2373
M3_Huber_F2_full_088,3,4,7.5331
M3_Huber_F2_full_088,4,0,10.4301
M3_Huber_F2_full_088,4,1,13.6871
M3_Huber_F2_full_088,4,2,19.2373
M3_Huber_F2_full_088,4,3,7.325
M3_Huber_F2_full_088,4,4,4.2857
M3_Huber_F2_full_089,0,0,7.8298
M3_Huber_F2_full_089,0,1,18.12
M3_Huber_F2_full_089,0,2,5.2741
M3_Huber_F2_full_089,0,3,9.6102
M3_Huber_F2_full_089,0,4,9.178
M3_Huber_F2_full_089,1,0,7.9476
M3_Huber_F2_full_089,1,1,17.5815
M3_Huber_F2_full_089,1,2,9.9349
M3_Huber_F2_full_089,1,3,7.0331
M3_Huber_F2_full_089,1,4,10.9538
M3_Huber_F2_full_089,2,0,6.3368
M3_Huber_F2_full_089,2,1,10.0624
M3_Huber_F2_full_089,2,2,6.0924
M3_Huber_F2_full_089,2,3,8.3342
M3_Huber_F2_full_089,2,4,26.6935
M3_Huber_F2_full_089,3,0,7.0665
M3_Huber_F2_full_089,3,1,10.0393
M3_Huber_F2_full_089,3,2,8.9568
M3_Huber_F2_full_089,3,3,19.2356
M3_Huber_F2_full_089,3,4,7.531
M3_Huber_F2_full_089,4,0,10.4344
M3_Huber_F2_full_089,4,1,13.6976
M3_Huber_F2_full_089,4,2,19.2356
M3_Huber_F2_full_089,4,3,7.3227
M3_Huber_F2_full_089,4,4,4.2858
M4_GaussianProcess_F2_full_090,0,0,7.8515
M4_GaussianProcess_F2_full_090,0,1,17.8638
M4_GaussianProcess_F2_full_090,0,2,5.2674
M4_GaussianProcess_F2_full_090,0,3,8.0866
M4_GaussianProcess_F2_full_090,0,4,8.4813
M4_GaussianProcess_F2_full_090,1,0,9.2844
M4_GaussianProcess_F2_full_090,1,1,18.1044
M4_GaussianProcess_F2_full_090,1,2,8.9538
M4_GaussianProcess_F2_full_090,1,3,7.1477
M4_GaussianProcess_F2_full_090,1,4,9.8852
M4_GaussianProcess_F2_full_090,2,0,5.7117
M4_GaussianProcess_F2_full_090,2,1,9.2549
M4_GaussianProcess_F2_full_090,2,2,6.2189
M4_GaussianProcess_F2_full_090,2,3,7.7066
M4_GaussianProcess_F2_full_090,2,4,26.8486
M4_GaussianProcess_F2_full_090,3,0,6.1598
M4_GaussianProcess_F2_full_090,3,1,9.6406
M4_GaussianProcess_F2_full_090,3,2,9.0077
M4_GaussianProcess_F2_full_090,3,3,19.3252
M4_GaussianProcess_F2_full_090,3,4,7.8391
M4_GaussianProcess_F2_full_090,4,0,10.9744
M4_GaussianProcess_F2_full_090,4,1,16.2259
M4_GaussianProcess_F2_full_090,4,2,19.3252
M4_GaussianProcess_F2_full_090,4,3,7.3552
M4_GaussianProcess_F2_full_090,4,4,4.1738
M5_RandomForest_F2_full_091,0,0,8.5029
M5_RandomForest_F2_full_091,0,1,11.5192
M5_RandomForest_F2_full_091,0,2,12.6707
M5_RandomForest_F2_full_091,0,3,28.9788
M5_RandomForest_F2_full_091,0,4,10.1955
M5_RandomForest_F2_full_091,1,0,14.2508
M5_RandomForest_F2_full_091,1,1,8.471
M5_RandomForest_F2_full_091,1,2,8.8245
M5_RandomForest_F2_full_091,1,3,12.9238
M5_RandomForest_F2_full_091,1,4,29.1512
M5_RandomForest_F2_full_091,2,0,11.2276
M5_RandomForest_F2_full_091,2,1,24.2037
M5_RandomForest_F2_full_091,2,2,13.6891
M5_RandomForest_F2_full_091,2,3,9.396
M5_RandomForest_F2_full_091,2,4,11.1678
M5_RandomForest_F2_full_091,3,0,21.7871
M5_RandomForest_F2_full_091,3,1,10.1653
M5_RandomForest_F2_full_091,3,2,11.2256
M5_RandomForest_F2_full_091,3,3,9.9251
M5_RandomForest_F2_full_091,3,4,7.8021
M5_RandomForest_F2_full_091,4,0,19.605
M5_RandomForest_F2_full_091,4,1,36.1115
M5_RandomForest_F2_full_091,4,2,9.9251
M5_RandomForest_F2_full_091,4,3,5.9985
M5_RandomForest_F2_full_091,4,4,14.8678
M5_RandomForest_F2_full_092,0,0,7.5315
M5_RandomForest_F2_full_092,0,1,12.663
M5_RandomForest_F2_full_092,0,2,15.9057
M5_RandomForest_F2_full_092,0,3,30.525
M5_RandomForest_F2_full_092,0,4,10.4385
M5_RandomForest_F2_full_092,1,0,13.2195
M5_RandomForest_F2_full_092,1,1,14.1903
M5_RandomForest_F2_full_092,1,2,14.4347
M5_RandomForest_F2_full_092,1,3,11.4105
M5_RandomForest_F2_full_092,1,4,34.2488
M5_RandomForest_F2_full_092,2,0,16.3051
M5_RandomForest_F2_full_092,2,1,28.2156
M5_RandomForest_F2_full_092,2,2,10.3342
M5_RandomForest_F2_full_092,2,3,7.292
M5_RandomForest_F2_full_092,2,4,15.3287
M5_RandomForest_F2_full_092,3,0,24.1574
M5_RandomForest_F2_full_092,3,1,12.2227
M5_RandomForest_F2_full_092,3,2,16.3228
M5_RandomForest_F2_full_092,3,3,13.3604
M5_RandomForest_F2_full_092,3,4,8.1918
M5_RandomForest_F2_full_092,4,0,19.5699
M5_RandomForest_F2_full_092,4,1,36.3412
M5_RandomForest_F2_full_092,4,2,13.3604
M5_RandomForest_F2_full_092,4,3,8.2468
M5_RandomForest_F2_full_092,4,4,10.5222
M5_RandomForest_F2_full_093,0,0,9.8572
M5_RandomForest_F2_full_093,0,1,10.5947
M5_RandomForest_F2_full_093,0,2,11.9273
M5_RandomForest_F2_full_093,0,3,27.8095
M5_RandomForest_F2_full_093,0,4,9.5046
M5_RandomForest_F2_full_093,1,0,15.2961
M5_RandomForest_F2_full_093,1,1,7.9013
M5_RandomForest_F2_full_093,1,2,10.241
M5_RandomForest_F2_full_093,1,3,11.6544
M5_RandomForest_F2_full_093,1,4,29.2825
M5_RandomForest_F2_full_093,2,0,11.8895
M5_RandomForest_F2_full_093,2,1,24.8279
M5_RandomForest_F2_full_093,2,2,12.3744
M5_RandomForest_F2_full_093,2,3,8.4832
M5_RandomForest_F2_full_093,2,4,10.5581
M5_RandomForest_F2_full_093,3,0,21.7053
M5_RandomForest_F2_full_093,3,1,10.4333
M5_RandomForest_F2_full_093,3,2,11.167
M5_RandomForest_F2_full_093,3,3,9.3469
M5_RandomForest_F2_full_093,3,4,7.8675
M5_RandomForest_F2_full_093,4,0,20.6224
M5_RandomForest_F2_full_093,4,1,35.9612
M5_RandomForest_F2_full_093,4,2,9.3469
M5_RandomForest_F2_full_093,4,3,8.0402
M5_RandomForest_F2_full_093,4,4,13.1748
M5_RandomForest_F2_full_094,0,0,7.506
M5_RandomForest_F2_full_094,0,1,12.6505
M5_RandomForest_F2_full_094,0,2,15.8651
M5_RandomForest_F2_full_094,0,3,30.5158
M5_RandomForest_F2_full_094,0,4,10.4458
M5_RandomForest_F2_full_094,1,0,13.2983
M5_RandomForest_F2_full_094,1,1,13.9335
M5_RandomForest_F2_full_094,1,2,14.4201
M5_RandomForest_F2_full_094,1,3,11.2955
M5_RandomForest_F2_full_094,1,4,34.1739
M5_RandomForest_F2_full_094,2,0,16.4205
M5_RandomForest_F2_full_094,2,1,28.2489
M5_RandomForest_F2_full_094,2,2,10.1925
M5_RandomForest_F2_full_094,2,3,7.2782
M5_RandomForest_F2_full_094,2,4,15.0272
M5_RandomForest_F2_full_094,3,0,24.1516
M5_RandomForest_F2_full_094,3,1,12.152
M5_RandomForest_F2_full_094,3,2,15.9917
M5_RandomForest_F2_full_094,3,3,13.1442
M5_RandomForest_F2_full_094,3,4,8.1657
M5_RandomForest_F2_full_094,4,0,19.6196
M5_RandomForest_F2_full_094,4,1,36.3388
M5_RandomForest_F2_full_094,4,2,13.1442
M5_RandomForest_F2_full_094,4,3,8.3145
M5_RandomForest_F2_full_094,4,4,10.0728
M5_RandomForest_F2_full_095,0,0,10.52
M5_RandomForest_F2_full_095,0,1,10.5789
M5_RandomForest_F2_full_095,0,2,11.4928
M5_RandomForest_F2_full_095,0,3,27.6411
M5_RandomForest_F2_full_095,0,4,9.0378
M5_RandomForest_F2_full_095,1,0,15.0194
M5_RandomForest_F2_full_095,1,1,7.8388
M5_RandomForest_F2_full_095,1,2,10.7773
M5_RandomForest_F2_full_095,1,3,11.5166
M5_RandomForest_F2_full_095,1,4,29.292
M5_RandomForest_F2_full_095,2,0,11.9983
M5_RandomForest_F2_full_095,2,1,24.872
M5_RandomForest_F2_full_095,2,2,12.2528
M5_RandomForest_F2_full_095,2,3,8.4429
M5_RandomForest_F2_full_095,2,4,10.2457
M5_RandomForest_F2_full_095,3,0,21.6605
M5_RandomForest_F2_full_095,3,1,10.4229
M5_RandomForest_F2_full_095,3,2,11.3973
M5_RandomForest_F2_full_095,3,3,9.2059
M5_RandomForest_F2_full_095,3,4,7.8847
M5_RandomForest_F2_full_095,4,0,21.2178
M5_RandomForest_F2_full_095,4,1,35.9611
M5_RandomForest_F2_full_095,4,2,9.2059
M5_RandomForest_F2_full_095,4,3,8.8706
M5_RandomForest_F2_full_095,4,4,12.8568
M5_RandomForest_F2_full_096,0,0,7.506
M5_RandomForest_F2_full_096,0,1,12.6505
M5_RandomForest_F2_full_096,0,2,15.8651
M5_RandomForest_F2_full_096,0,3,30.5158
M5_RandomForest_F2_full_096,0,4,10.4458
M5_RandomForest_F2_full_096,1,0,13.2983
M5_RandomForest_F2_full_096,1,1,13.9335
M5_RandomForest_F2_full_096,1,2,14.4201
M5_RandomForest_F2_full_096,1,3,11.2955
M5_RandomForest_F2_full_096,1,4,34.1739
M5_RandomForest_F2_full_096,2,0,16.4205
M5_RandomForest_F2_full_096,2,1,28.2489
M5_RandomForest_F2_full_096,2,2,10.1913
M5_RandomForest_F2_full_096,2,3,7.2782
M5_RandomForest_F2_full_096,2,4,15.023
M5_RandomForest_F2_full_096,3,0,24.1516
M5_RandomForest_F2_full_096,3,1,12.152
M5_RandomForest_F2_full_096,3,2,15.9907
M5_RandomForest_F2_full_096,3,3,13.1442
M5_RandomForest_F2_full_096,3,4,8.1657
M5_RandomForest_F2_full_096,4,0,19.6196
M5_RandomForest_F2_full_096,4,1,36.3388
M5_RandomForest_F2_full_096,4,2,13.1442
M5_RandomForest_F2_full_096,4,3,8.3145
M5_RandomForest_F2_full_096,4,4,10.0728
M5_LightGBM_F2_full_097,0,0,11.5433
M5_LightGBM_F2_full_097,0,1,16.2416
M5_LightGBM_F2_full_097,0,2,18.146
M5_LightGBM_F2_full_097,0,3,27.4039
M5_LightGBM_F2_full_097,0,4,10.6229
M5_LightGBM_F2_full_097,1,0,15.1509
M5_LightGBM_F2_full_097,1,1,7.0664
M5_LightGBM_F2_full_097,1,2,21.5554
M5_LightGBM_F2_full_097,1,3,9.5884
M5_LightGBM_F2_full_097,1,4,29.9896
M5_LightGBM_F2_full_097,2,0,16.229
M5_LightGBM_F2_full_097,2,1,24.1253
M5_LightGBM_F2_full_097,2,2,9.9122
M5_LightGBM_F2_full_097,2,3,12.273
M5_LightGBM_F2_full_097,2,4,16.9411
M5_LightGBM_F2_full_097,3,0,19.5107
M5_LightGBM_F2_full_097,3,1,14.207
M5_LightGBM_F2_full_097,3,2,17.5491
M5_LightGBM_F2_full_097,3,3,8.6043
M5_LightGBM_F2_full_097,3,4,9.5948
M5_LightGBM_F2_full_097,4,0,22.0803
M5_LightGBM_F2_full_097,4,1,34.9502
M5_LightGBM_F2_full_097,4,2,8.6043
M5_LightGBM_F2_full_097,4,3,10.2425
M5_LightGBM_F2_full_097,4,4,11.0312
M2_ElasticNet_F3_full_policy_098,0,0,10.5219
M2_ElasticNet_F3_full_policy_098,0,1,17.2245
M2_ElasticNet_F3_full_policy_098,0,2,4.1098
M2_ElasticNet_F3_full_policy_098,0,3,9.0954
M2_ElasticNet_F3_full_policy_098,0,4,9.6124
M2_ElasticNet_F3_full_policy_098,1,0,9.2106
M2_ElasticNet_F3_full_policy_098,1,1,23.4056
M2_ElasticNet_F3_full_policy_098,1,2,8.3679
M2_ElasticNet_F3_full_policy_098,1,3,4.6793
M2_ElasticNet_F3_full_policy_098,1,4,9.4736
M2_ElasticNet_F3_full_policy_098,2,0,11.5375
M2_ElasticNet_F3_full_policy_098,2,1,9.9713
M2_ElasticNet_F3_full_policy_098,2,2,4.162
M2_ElasticNet_F3_full_policy_098,2,3,10.8356
M2_ElasticNet_F3_full_policy_098,2,4,25.1937
M2_ElasticNet_F3_full_policy_098,3,0,8.1539
M2_ElasticNet_F3_full_policy_098,3,1,9.9862
M2_ElasticNet_F3_full_policy_098,3,2,12.8393
M2_ElasticNet_F3_full_policy_098,3,3,18.5997
M2_ElasticNet_F3_full_policy_098,3,4,7.4555
M2_ElasticNet_F3_full_policy_098,4,0,9.4845
M2_ElasticNet_F3_full_policy_098,4,1,17.4999
M2_ElasticNet_F3_full_policy_098,4,2,18.5997
M2_ElasticNet_F3_full_policy_098,4,3,11.1118
M2_ElasticNet_F3_full_policy_098,4,4,4.4006
M2_ElasticNet_F3_full_policy_099,0,0,10.2659
M2_ElasticNet_F3_full_policy_099,0,1,17.1685
M2_ElasticNet_F3_full_policy_099,0,2,4.1414
M2_ElasticNet_F3_full_policy_099,0,3,8.9515
M2_ElasticNet_F3_full_policy_099,0,4,9.5765
M2_ElasticNet_F3_full_policy_099,1,0,9.1438
M2_ElasticNet_F3_full_policy_099,1,1,23.3569
M2_ElasticNet_F3_full_policy_099,1,2,8.2771
M2_ElasticNet_F3_full_policy_099,1,3,4.7034
M2_ElasticNet_F3_full_policy_099,1,4,9.4506
M2_ElasticNet_F3_full_policy_099,2,0,11.5857
M2_ElasticNet_F3_full_policy_099,2,1,9.8462
M2_ElasticNet_F3_full_policy_099,2,2,4.0569
M2_ElasticNet_F3_full_policy_099,2,3,10.7735
M2_ElasticNet_F3_full_policy_099,2,4,25.1493
M2_ElasticNet_F3_full_policy_099,3,0,8.1069
M2_ElasticNet_F3_full_policy_099,3,1,9.7555
M2_ElasticNet_F3_full_policy_099,3,2,12.805
M2_ElasticNet_F3_full_policy_099,3,3,18.5638
M2_ElasticNet_F3_full_policy_099,3,4,7.4444
M2_ElasticNet_F3_full_policy_099,4,0,9.4823
M2_ElasticNet_F3_full_policy_099,4,1,17.59
M2_ElasticNet_F3_full_policy_099,4,2,18.5638
M2_ElasticNet_F3_full_policy_099,4,3,11.0655
M2_ElasticNet_F3_full_policy_099,4,4,4.3531
M2_ElasticNet_F3_full_policy_100,0,0,10.0887
M2_ElasticNet_F3_full_policy_100,0,1,17.1125
M2_ElasticNet_F3_full_policy_100,0,2,4.1714
M2_ElasticNet_F3_full_policy_100,0,3,8.8097
M2_ElasticNet_F3_full_policy_100,0,4,9.5423
M2_ElasticNet_F3_full_policy_100,1,0,9.0784
M2_ElasticNet_F3_full_policy_100,1,1,23.3069
M2_ElasticNet_F3_full_policy_100,1,2,8.186
M2_ElasticNet_F3_full_policy_100,1,3,4.7255
M2_ElasticNet_F3_full_policy_100,1,4,9.4249
M2_ElasticNet_F3_full_policy_100,2,0,11.6334
M2_ElasticNet_F3_full_policy_100,2,1,9.7189
M2_ElasticNet_F3_full_policy_100,2,2,3.9535
M2_ElasticNet_F3_full_policy_100,2,3,10.7144
M2_ElasticNet_F3_full_policy_100,2,4,25.1026
M2_ElasticNet_F3_full_policy_100,3,0,8.0601
M2_ElasticNet_F3_full_policy_100,3,1,9.5231
M2_ElasticNet_F3_full_policy_100,3,2,12.7731
M2_ElasticNet_F3_full_policy_100,3,3,18.5271
M2_ElasticNet_F3_full_policy_100,3,4,7.4311
M2_ElasticNet_F3_full_policy_100,4,0,9.479
M2_ElasticNet_F3_full_policy_100,4,1,17.6686
M2_ElasticNet_F3_full_policy_100,4,2,18.5271
M2_ElasticNet_F3_full_policy_100,4,3,11.023
M2_ElasticNet_F3_full_policy_100,4,4,4.3066
M2_ElasticNet_F3_full_policy_101,0,0,10.3455
M2_ElasticNet_F3_full_policy_101,0,1,17.2061
M2_ElasticNet_F3_full_policy_101,0,2,4.1268
M2_ElasticNet_F3_full_policy_101,0,3,8.951
M2_ElasticNet_F3_full_policy_101,0,4,9.6051
M2_ElasticNet_F3_full_policy_101,1,0,9.1745
M2_ElasticNet_F3_full_policy_101,1,1,23.4024
M2_ElasticNet_F3_full_policy_101,1,2,8.2908
M2_ElasticNet_F3_full_policy_101,1,3,4.6429
M2_ElasticNet_F3_full_policy_101,1,4,9.4162
M2_ElasticNet_F3_full_policy_101,2,0,11.6092
M2_ElasticNet_F3_full_policy_101,2,1,9.8572
M2_ElasticNet_F3_full_policy_101,2,2,4.1163
M2_ElasticNet_F3_full_policy_101,2,3,10.8189
M2_ElasticNet_F3_full_policy_101,2,4,25.1338
M2_ElasticNet_F3_full_policy_101,3,0,8.1235
M2_ElasticNet_F3_full_policy_101,3,1,9.7286
M2_ElasticNet_F3_full_policy_101,3,2,12.8466
M2_ElasticNet_F3_full_policy_101,3,3,18.5628
M2_ElasticNet_F3_full_policy_101,3,4,7.4239
M2_ElasticNet_F3_full_policy_101,4,0,9.4518
M2_ElasticNet_F3_full_policy_101,4,1,17.5821
M2_ElasticNet_F3_full_policy_101,4,2,18.5628
M2_ElasticNet_F3_full_policy_101,4,3,11.0958
M2_ElasticNet_F3_full_policy_101,4,4,4.3794
M2_ElasticNet_F3_full_policy_102,0,0,9.8642
M2_ElasticNet_F3_full_policy_102,0,1,17.0183
M2_ElasticNet_F3_full_policy_102,0,2,4.2882
M2_ElasticNet_F3_full_policy_102,0,3,8.4858
M2_ElasticNet_F3_full_policy_102,0,4,9.4958
M2_ElasticNet_F3_full_policy_102,1,0,8.9637
M2_ElasticNet_F3_full_policy_102,1,1,23.2388
M2_ElasticNet_F3_full_policy_102,1,2,7.9865
M2_ElasticNet_F3_full_policy_102,1,3,4.7159
M2_ElasticNet_F3_full_policy_102,1,4,9.3325
M2_ElasticNet_F3_full_policy_102,2,0,11.7699
M2_ElasticNet_F3_full_policy_102,2,1,9.4353
M2_ElasticNet_F3_full_policy_102,2,2,3.7742
M2_ElasticNet_F3_full_policy_102,2,3,10.6227
M2_ElasticNet_F3_full_policy_102,2,4,24.9729
M2_ElasticNet_F3_full_policy_102,3,0,7.9682
M2_ElasticNet_F3_full_policy_102,3,1,8.9534
M2_ElasticNet_F3_full_policy_102,3,2,12.743
M2_ElasticNet_F3_full_policy_102,3,3,18.4379
M2_ElasticNet_F3_full_policy_102,3,4,7.3793
M2_ElasticNet_F3_full_policy_102,4,0,9.4205
M2_ElasticNet_F3_full_policy_102,4,1,17.8625
M2_ElasticNet_F3_full_policy_102,4,2,18.4379
M2_ElasticNet_F3_full_policy_102,4,3,10.9572
M2_ElasticNet_F3_full_policy_102,4,4,4.2256
M2_ElasticNet_F3_full_policy_103,0,0,9.4742
M2_ElasticNet_F3_full_policy_103,0,1,16.8067
M2_ElasticNet_F3_full_policy_103,0,2,4.6282
M2_ElasticNet_F3_full_policy_103,0,3,8.0247
M2_ElasticNet_F3_full_policy_103,0,4,9.3937
M2_ElasticNet_F3_full_policy_103,1,0,8.8881
M2_ElasticNet_F3_full_policy_103,1,1,23.0677
M2_ElasticNet_F3_full_policy_103,1,2,7.679
M2_ElasticNet_F3_full_policy_103,1,3,4.7769
M2_ElasticNet_F3_full_policy_103,1,4,9.2497
M2_ElasticNet_F3_full_policy_103,2,0,11.9309
M2_ElasticNet_F3_full_policy_103,2,1,9.0849
M2_ElasticNet_F3_full_policy_103,2,2,3.6588
M2_ElasticNet_F3_full_policy_103,2,3,10.4581
M2_ElasticNet_F3_full_policy_103,2,4,24.8017
M2_ElasticNet_F3_full_policy_103,3,0,7.8131
M2_ElasticNet_F3_full_policy_103,3,1,8.1708
M2_ElasticNet_F3_full_policy_103,3,2,12.6413
M2_ElasticNet_F3_full_policy_103,3,3,18.3081
M2_ElasticNet_F3_full_policy_103,3,4,7.3344
M2_ElasticNet_F3_full_policy_103,4,0,9.361
M2_ElasticNet_F3_full_policy_103,4,1,18.1159
M2_ElasticNet_F3_full_policy_103,4,2,18.3081
M2_ElasticNet_F3_full_policy_103,4,3,10.8146
M2_ElasticNet_F3_full_policy_103,4,4,4.0939
M2_ElasticNet_F3_full_policy_104,0,0,10.049
M2_ElasticNet_F3_full_policy_104,0,1,17.1478
M2_ElasticNet_F3_full_policy_104,0,2,4.1849
M2_ElasticNet_F3_full_policy_104,0,3,8.5568
M2_ElasticNet_F3_full_policy_104,0,4,9.5875
M2_ElasticNet_F3_full_policy_104,1,0,9.0742
M2_ElasticNet_F3_full_policy_104,1,1,23.3947
M2_ElasticNet_F3_full_policy_104,1,2,8.0724
M2_ElasticNet_F3_full_policy_104,1,3,4.5414
M2_ElasticNet_F3_full_policy_104,1,4,9.2517
M2_ElasticNet_F3_full_policy_104,2,0,11.8111
M2_ElasticNet_F3_full_policy_104,2,1,9.5314
M2_ElasticNet_F3_full_policy_104,2,2,3.9909
M2_ElasticNet_F3_full_policy_104,2,3,10.777
M2_ElasticNet_F3_full_policy_104,2,4,24.9566
M2_ElasticNet_F3_full_policy_104,3,0,8.0387
M2_ElasticNet_F3_full_policy_104,3,1,9.0072
M2_ElasticNet_F3_full_policy_104,3,2,12.8732
M2_ElasticNet_F3_full_policy_104,3,3,18.4516
M2_ElasticNet_F3_full_policy_104,3,4,7.3285
M2_ElasticNet_F3_full_policy_104,4,0,9.3584
M2_ElasticNet_F3_full_policy_104,4,1,17.8158
M2_ElasticNet_F3_full_policy_104,4,2,18.4516
M2_ElasticNet_F3_full_policy_104,4,3,11.0636
M2_ElasticNet_F3_full_policy_104,4,4,4.3208
M2_ElasticNet_F3_full_policy_105,0,0,9.1525
M2_ElasticNet_F3_full_policy_105,0,1,16.489
M2_ElasticNet_F3_full_policy_105,0,2,5.2016
M2_ElasticNet_F3_full_policy_105,0,3,7.5846
M2_ElasticNet_F3_full_policy_105,0,4,9.2871
M2_ElasticNet_F3_full_policy_105,1,0,8.8048
M2_ElasticNet_F3_full_policy_105,1,1,22.8604
M2_ElasticNet_F3_full_policy_105,1,2,7.1466
M2_ElasticNet_F3_full_policy_105,1,3,4.5785
M2_ElasticNet_F3_full_policy_105,1,4,9.3334
M2_ElasticNet_F3_full_policy_105,2,0,12.3015
M2_ElasticNet_F3_full_policy_105,2,1,8.6382
M2_ElasticNet_F3_full_policy_105,2,2,3.783
M2_ElasticNet_F3_full_policy_105,2,3,10.4139
M2_ElasticNet_F3_full_policy_105,2,4,24.4164
M2_ElasticNet_F3_full_policy_105,3,0,7.7255
M2_ElasticNet_F3_full_policy_105,3,1,7.2589
M2_ElasticNet_F3_full_policy_105,3,2,12.7477
M2_ElasticNet_F3_full_policy_105,3,3,18.0313
M2_ElasticNet_F3_full_policy_105,3,4,7.1898
M2_ElasticNet_F3_full_policy_105,4,0,9.1773
M2_ElasticNet_F3_full_policy_105,4,1,18.627
M2_ElasticNet_F3_full_policy_105,4,2,18.0313
M2_ElasticNet_F3_full_policy_105,4,3,10.6595
M2_ElasticNet_F3_full_policy_105,4,4,4.0767
M2_ElasticNet_F3_full_policy_106,0,0,8.4511
M2_ElasticNet_F3_full_policy_106,0,1,16.0152
M2_ElasticNet_F3_full_policy_106,0,2,6.2427
M2_ElasticNet_F3_full_policy_106,0,3,7.5157
M2_ElasticNet_F3_full_policy_106,0,4,8.9787
M2_ElasticNet_F3_full_policy_106,1,0,8.5603
M2_ElasticNet_F3_full_policy_106,1,1,22.2364
M2_ElasticNet_F3_full_policy_106,1,2,7.3279
M2_ElasticNet_F3_full_policy_106,1,3,4.5043
M2_ElasticNet_F3_full_policy_106,1,4,9.9354
M2_ElasticNet_F3_full_policy_106,2,0,12.7912
M2_ElasticNet_F3_full_policy_106,2,1,7.9508
M2_ElasticNet_F3_full_policy_106,2,2,4.1719
M2_ElasticNet_F3_full_policy_106,2,3,10.1619
M2_ElasticNet_F3_full_policy_106,2,4,23.7385
M2_ElasticNet_F3_full_policy_106,3,0,7.9661
M2_ElasticNet_F3_full_policy_106,3,1,7.0284
M2_ElasticNet_F3_full_policy_106,3,2,12.7918
M2_ElasticNet_F3_full_policy_106,3,3,17.5238
M2_ElasticNet_F3_full_policy_106,3,4,7.4669
M2_ElasticNet_F3_full_policy_106,4,0,9.1257
M2_ElasticNet_F3_full_policy_106,4,1,19.386
M2_ElasticNet_F3_full_policy_106,4,2,17.5238
M2_ElasticNet_F3_full_policy_106,4,3,10.2253
M2_ElasticNet_F3_full_policy_106,4,4,4.043
M2_ElasticNet_F3_full_policy_107,0,0,9.4413
M2_ElasticNet_F3_full_policy_107,0,1,16.818
M2_ElasticNet_F3_full_policy_107,0,2,4.9964
M2_ElasticNet_F3_full_policy_107,0,3,7.4622
M2_ElasticNet_F3_full_policy_107,0,4,9.5378
M2_ElasticNet_F3_full_policy_107,1,0,8.9902
M2_ElasticNet_F3_full_policy_107,1,1,23.3722
M2_ElasticNet_F3_full_policy_107,1,2,7.3296
M2_ElasticNet_F3_full_policy_107,1,3,4.1579
M2_ElasticNet_F3_full_policy_107,1,4,9.2017
M2_ElasticNet_F3_full_policy_107,2,0,12.4962
M2_ElasticNet_F3_full_policy_107,2,1,8.6139
M2_ElasticNet_F3_full_policy_107,2,2,3.8716
M2_ElasticNet_F3_full_policy_107,2,3,10.7597
M2_ElasticNet_F3_full_policy_107,2,4,24.3294
M2_ElasticNet_F3_full_policy_107,3,0,7.9185
M2_ElasticNet_F3_full_policy_107,3,1,6.9177
M2_ElasticNet_F3_full_policy_107,3,2,13.0338
M2_ElasticNet_F3_full_policy_107,3,3,18.0248
M2_ElasticNet_F3_full_policy_107,3,4,7.0064
M2_ElasticNet_F3_full_policy_107,4,0,8.9779
M2_ElasticNet_F3_full_policy_107,4,1,18.6233
M2_ElasticNet_F3_full_policy_107,4,2,18.0248
M2_ElasticNet_F3_full_policy_107,4,3,10.9683
M2_ElasticNet_F3_full_policy_107,4,4,4.2101
M2_ElasticNet_F3_full_policy_108,0,0,7.4954
M2_ElasticNet_F3_full_policy_108,0,1,15.0108
M2_ElasticNet_F3_full_policy_108,0,2,8.4398
M2_ElasticNet_F3_full_policy_108,0,3,8.9941
M2_ElasticNet_F3_full_policy_108,0,4,8.5639
M2_ElasticNet_F3_full_policy_108,1,0,8.353
M2_ElasticNet_F3_full_policy_108,1,1,21.3132
M2_ElasticNet_F3_full_policy_108,1,2,7.7278
M2_ElasticNet_F3_full_policy_108,1,3,5.4359
M2_ElasticNet_F3_full_policy_108,1,4,11.1784
M2_ElasticNet_F3_full_policy_108,2,0,14.0293
M2_ElasticNet_F3_full_policy_108,2,1,7.7219
M2_ElasticNet_F3_full_policy_108,2,2,5.894
M2_ElasticNet_F3_full_policy_108,2,3,10.5906
M2_ElasticNet_F3_full_policy_108,2,4,21.359
M2_ElasticNet_F3_full_policy_108,3,0,8.7701
M2_ElasticNet_F3_full_policy_108,3,1,6.7475
M2_ElasticNet_F3_full_policy_108,3,2,13.236
M2_ElasticNet_F3_full_policy_108,3,3,15.845
M2_ElasticNet_F3_full_policy_108,3,4,7.6133
M2_ElasticNet_F3_full_policy_108,4,0,9.2985
M2_ElasticNet_F3_full_policy_108,4,1,21.2118
M2_ElasticNet_F3_full_policy_108,4,2,15.845
M2_ElasticNet_F3_full_policy_108,4,3,9.5869
M2_ElasticNet_F3_full_policy_108,4,4,4.1836
M2_ElasticNet_F3_full_policy_109,0,0,7.0865
M2_ElasticNet_F3_full_policy_109,0,1,12.4098
M2_ElasticNet_F3_full_policy_109,0,2,10.4742
M2_ElasticNet_F3_full_policy_109,0,3,10.3692
M2_ElasticNet_F3_full_policy_109,0,4,7.7276
M2_ElasticNet_F3_full_policy_109,1,0,8.3103
M2_ElasticNet_F3_full_policy_109,1,1,18.525
M2_ElasticNet_F3_full_policy_109,1,2,8.3248
M2_ElasticNet_F3_full_policy_109,1,3,6.7073
M2_ElasticNet_F3_full_policy_109,1,4,12.464
M2_ElasticNet_F3_full_policy_109,2,0,13.6734
M2_ElasticNet_F3_full_policy_109,2,1,7.9415
M2_ElasticNet_F3_full_policy_109,2,2,7.3598
M2_ElasticNet_F3_full_policy_109,2,3,9.7283
M2_ElasticNet_F3_full_policy_109,2,4,16.495
M2_ElasticNet_F3_full_policy_109,3,0,10.3501
M2_ElasticNet_F3_full_policy_109,3,1,6.7894
M2_ElasticNet_F3_full_policy_109,3,2,12.7542
M2_ElasticNet_F3_full_policy_109,3,3,12.2825
M2_ElasticNet_F3_full_policy_109,3,4,7.4326
M2_ElasticNet_F3_full_policy_109,4,0,9.5347
M2_ElasticNet_F3_full_policy_109,4,1,23.8118
M2_ElasticNet_F3_full_policy_109,4,2,12.2825
M2_ElasticNet_F3_full_policy_109,4,3,7.9092
M2_ElasticNet_F3_full_policy_109,4,4,4.0553
M2_ElasticNet_F3_full_policy_110,0,0,8.7968
M2_ElasticNet_F3_full_policy_110,0,1,15.6144
M2_ElasticNet_F3_full_policy_110,0,2,7.2234
M2_ElasticNet_F3_full_policy_110,0,3,8.1483
M2_ElasticNet_F3_full_policy_110,0,4,9.2655
M2_ElasticNet_F3_full_policy_110,1,0,8.6409
M2_ElasticNet_F3_full_policy_110,1,1,23.142
M2_ElasticNet_F3_full_policy_110,1,2,7.4186
M2_ElasticNet_F3_full_policy_110,1,3,4.5261
M2_ElasticNet_F3_full_policy_110,1,4,10.5743
M2_ElasticNet_F3_full_policy_110,2,0,14.2893
M2_ElasticNet_F3_full_policy_110,2,1,7.5162
M2_ElasticNet_F3_full_policy_110,2,2,5.077
M2_ElasticNet_F3_full_policy_110,2,3,11.7001
M2_ElasticNet_F3_full_policy_110,2,4,22.0491
M2_ElasticNet_F3_full_policy_110,3,0,9.0815
M2_ElasticNet_F3_full_policy_110,3,1,5.5694
M2_ElasticNet_F3_full_policy_110,3,2,13.7771
M2_ElasticNet_F3_full_policy_110,3,3,16.4433
M2_ElasticNet_F3_full_policy_110,3,4,7.0761
M2_ElasticNet_F3_full_policy_110,4,0,8.8543
M2_ElasticNet_F3_full_policy_110,4,1,20.8289
M2_ElasticNet_F3_full_policy_110,4,2,16.4433
M2_ElasticNet_F3_full_policy_110,4,3,10.686
M2_ElasticNet_F3_full_policy_110,4,4,4.4222
M2_ElasticNet_F3_full_policy_111,0,0,6.7883
M2_ElasticNet_F3_full_policy_111,0,1,8.3579
M2_ElasticNet_F3_full_policy_111,0,2,12.9432
M2_ElasticNet_F3_full_policy_111,0,3,13.2947
M2_ElasticNet_F3_full_policy_111,0,4,7.7384
M2_ElasticNet_F3_full_policy_111,1,0,8.2911
M2_ElasticNet_F3_full_policy_111,1,1,14.2127
M2_ElasticNet_F3_full_policy_111,1,2,9.2642
M2_ElasticNet_F3_full_policy_111,1,3,7.7593
M2_ElasticNet_F3_full_policy_111,1,4,15.3675
M2_ElasticNet_F3_full_policy_111,2,0,15.6225
M2_ElasticNet_F3_full_policy_111,2,1,9.1148
M2_ElasticNet_F3_full_policy_111,2,2,8.7851
M2_ElasticNet_F3_full_policy_111,2,3,9.3889
M2_ElasticNet_F3_full_policy_111,2,4,9.7507
M2_ElasticNet_F3_full_policy_111,3,0,12.5021
M2_ElasticNet_F3_full_policy_111,3,1,7.0381
M2_ElasticNet_F3_full_policy_111,3,2,12.5807
M2_ElasticNet_F3_full_policy_111,3,3,8.8525
M2_ElasticNet_F3_full_policy_111,3,4,7.4761
M2_ElasticNet_F3_full_policy_111,4,0,10.5471
M2_ElasticNet_F3_full_policy_111,4,1,28.047
M2_ElasticNet_F3_full_policy_111,4,2,8.8525
M2_ElasticNet_F3_full_policy_111,4,3,7.7101
M2_ElasticNet_F3_full_policy_111,4,4,4.0295
M2_ElasticNet_F3_full_policy_112,0,0,7.6173
M2_ElasticNet_F3_full_policy_112,0,1,8.2905
M2_ElasticNet_F3_full_policy_112,0,2,16.0666
M2_ElasticNet_F3_full_policy_112,0,3,17.7743
M2_ElasticNet_F3_full_policy_112,0,4,9.205
M2_ElasticNet_F3_full_policy_112,1,0,9.1219
M2_ElasticNet_F3_full_policy_112,1,1,9.3875
M2_ElasticNet_F3_full_policy_112,1,2,11.4908
M2_ElasticNet_F3_full_policy_112,1,3,10.3169
M2_ElasticNet_F3_full_policy_112,1,4,19.4426
M2_ElasticNet_F3_full_policy_112,2,0,17.4006
M2_ElasticNet_F3_full_policy_112,2,1,12.0245
M2_ElasticNet_F3_full_policy_112,2,2,12.1864
M2_ElasticNet_F3_full_policy_112,2,3,8.483
M2_ElasticNet_F3_full_policy_112,2,4,8.0361
M2_ElasticNet_F3_full_policy_112,3,0,16.1944
M2_ElasticNet_F3_full_policy_112,3,1,9.3029
M2_ElasticNet_F3_full_policy_112,3,2,16.2191
M2_ElasticNet_F3_full_policy_112,3,3,11.6348
M2_ElasticNet_F3_full_policy_112,3,4,7.099
M2_ElasticNet_F3_full_policy_112,4,0,15.367
M2_ElasticNet_F3_full_policy_112,4,1,34.2047
M2_ElasticNet_F3_full_policy_112,4,2,11.6348
M2_ElasticNet_F3_full_policy_112,4,3,7.6992
M2_ElasticNet_F3_full_policy_112,4,4,4.2409
M2_ElasticNet_F3_full_policy_113,0,0,7.8963
M2_ElasticNet_F3_full_policy_113,0,1,8.6789
M2_ElasticNet_F3_full_policy_113,0,2,11.9679
M2_ElasticNet_F3_full_policy_113,0,3,12.9925
M2_ElasticNet_F3_full_policy_113,0,4,8.6435
M2_ElasticNet_F3_full_policy_113,1,0,9.2944
M2_ElasticNet_F3_full_policy_113,1,1,21.1325
M2_ElasticNet_F3_full_policy_113,1,2,7.8689
M2_ElasticNet_F3_full_policy_113,1,3,6.0412
M2_ElasticNet_F3_full_policy_113,1,4,15.1133
M2_ElasticNet_F3_full_policy_113,2,0,16.6638
M2_ElasticNet_F3_full_policy_113,2,1,9.3652
M2_ElasticNet_F3_full_policy_113,2,2,6.6226
M2_ElasticNet_F3_full_policy_113,2,3,11.8077
M2_ElasticNet_F3_full_policy_113,2,4,9.6156
M2_ElasticNet_F3_full_policy_113,3,0,14.1198
M2_ElasticNet_F3_full_policy_113,3,1,5.094
M2_ElasticNet_F3_full_policy_113,3,2,14.433
M2_ElasticNet_F3_full_policy_113,3,3,7.5085
M2_ElasticNet_F3_full_policy_113,3,4,7.3897
M2_ElasticNet_F3_full_policy_113,4,0,10.0369
M2_ElasticNet_F3_full_policy_113,4,1,26.7403
M2_ElasticNet_F3_full_policy_113,4,2,7.5085
M2_ElasticNet_F3_full_policy_113,4,3,10.0911
M2_ElasticNet_F3_full_policy_113,4,4,6.1002
M2_ElasticNet_F3_full_policy_114,0,0,11.7904
M2_ElasticNet_F3_full_policy_114,0,1,13.1447
M2_ElasticNet_F3_full_policy_114,0,2,16.5516
M2_ElasticNet_F3_full_policy_114,0,3,24.4043
M2_ElasticNet_F3_full_policy_114,0,4,11.5432
M2_ElasticNet_F3_full_policy_114,1,0,14.019
M2_ElasticNet_F3_full_policy_114,1,1,15.0805
M2_ElasticNet_F3_full_policy_114,1,2,14.3106
M2_ElasticNet_F3_full_policy_114,1,3,11.1097
M2_ElasticNet_F3_full_policy_114,1,4,25.6358
M2_ElasticNet_F3_full_policy_114,2,0,20.0937
M2_ElasticNet_F3_full_policy_114,2,1,21.105
M2_ElasticNet_F3_full_policy_114,2,2,12.5484
M2_ElasticNet_F3_full_policy_114,2,3,11.8484
M2_ElasticNet_F3_full_policy_114,2,4,8.1226
M2_ElasticNet_F3_full_policy_114,3,0,25.8041
M2_ElasticNet_F3_full_policy_114,3,1,12.1371
M2_ElasticNet_F3_full_policy_114,3,2,16.3813
M2_ElasticNet_F3_full_policy_114,3,3,13.7096
M2_ElasticNet_F3_full_policy_114,3,4,10.2624
M2_ElasticNet_F3_full_policy_114,4,0,16.2567
M2_ElasticNet_F3_full_policy_114,4,1,42.2862
M2_ElasticNet_F3_full_policy_114,4,2,13.7096
M2_ElasticNet_F3_full_policy_114,4,3,12.5596
M2_ElasticNet_F3_full_policy_114,4,4,8.245
M2_ElasticNet_F3_full_policy_115,0,0,17.1176
M2_ElasticNet_F3_full_policy_115,0,1,19.6493
M2_ElasticNet_F3_full_policy_115,0,2,17.3826
M2_ElasticNet_F3_full_policy_115,0,3,33.1596
M2_ElasticNet_F3_full_policy_115,0,4,13.6456
M2_ElasticNet_F3_full_policy_115,1,0,19.1767
M2_ElasticNet_F3_full_policy_115,1,1,23.0785
M2_ElasticNet_F3_full_policy_115,1,2,17.2756
M2_ElasticNet_F3_full_policy_115,1,3,11.4008
M2_ElasticNet_F3_full_policy_115,1,4,32.2679
M2_ElasticNet_F3_full_policy_115,2,0,22.7198
M2_ElasticNet_F3_full_policy_115,2,1,35.4423
M2_ElasticNet_F3_full_policy_115,2,2,12.48
M2_ElasticNet_F3_full_policy_115,2,3,14.8988
M2_ElasticNet_F3_full_policy_115,2,4,7.4766
M2_ElasticNet_F3_full_policy_115,3,0,39.3491
M2_ElasticNet_F3_full_policy_115,3,1,14.4382
M2_ElasticNet_F3_full_policy_115,3,2,16.1261
M2_ElasticNet_F3_full_policy_115,3,3,16.7142
M2_ElasticNet_F3_full_policy_115,3,4,15.1616
M2_ElasticNet_F3_full_policy_115,4,0,17.2495
M2_ElasticNet_F3_full_policy_115,4,1,44.1549
M2_ElasticNet_F3_full_policy_115,4,2,16.7142
M2_ElasticNet_F3_full_policy_115,4,3,18.977
M2_ElasticNet_F3_full_policy_115,4,4,14.0439
M3_Huber_F3_full_policy_116,0,0,11.5845
M3_Huber_F3_full_policy_116,0,1,16.8401
M3_Huber_F3_full_policy_116,0,2,4.656
M3_Huber_F3_full_policy_116,0,3,10.4666
M3_Huber_F3_full_policy_116,0,4,10.3612
M3_Huber_F3_full_policy_116,1,0,9.2967
M3_Huber_F3_full_policy_116,1,1,23.1015
M3_Huber_F3_full_policy_116,1,2,9.1305
M3_Huber_F3_full_policy_116,1,3,5.2846
M3_Huber_F3_full_policy_116,1,4,11.1042
M3_Huber_F3_full_policy_116,2,0,12.2114
M3_Huber_F3_full_policy_116,2,1,11.3164
M3_Huber_F3_full_policy_116,2,2,4.3555
M3_Huber_F3_full_policy_116,2,3,10.9313
M3_Huber_F3_full_policy_116,2,4,26.5333
M3_Huber_F3_full_policy_116,3,0,9.1032
M3_Huber_F3_full_policy_116,3,1,9.9379
M3_Huber_F3_full_policy_116,3,2,13.066
M3_Huber_F3_full_policy_116,3,3,18.6538
M3_Huber_F3_full_policy_116,3,4,8.1753
M3_Huber_F3_full_policy_116,4,0,9.9668
M3_Huber_F3_full_policy_116,4,1,15.9624
M3_Huber_F3_full_policy_116,4,2,18.6538
M3_Huber_F3_full_policy_116,4,3,11.0166
M3_Huber_F3_full_policy_116,4,4,4.4436
M3_Huber_F3_full_policy_117,0,0,11.5824
M3_Huber_F3_full_policy_117,0,1,16.84
M3_Huber_F3_full_policy_117,0,2,4.6563
M3_Huber_F3_full_policy_117,0,3,10.4654
M3_Huber_F3_full_policy_117,0,4,10.3612
M3_Huber_F3_full_policy_117,1,0,9.2969
M3_Huber_F3_full_policy_117,1,1,23.1019
M3_Huber_F3_full_policy_117,1,2,9.1302
M3_Huber_F3_full_policy_117,1,3,5.2835
M3_Huber_F3_full_policy_117,1,4,11.1038
M3_Huber_F3_full_policy_117,2,0,12.213
M3_Huber_F3_full_policy_117,2,1,11.3158
M3_Huber_F3_full_policy_117,2,2,4.3549
M3_Huber_F3_full_policy_117,2,3,10.9319
M3_Huber_F3_full_policy_117,2,4,26.5331
M3_Huber_F3_full_policy_117,3,0,9.1032
M3_Huber_F3_full_policy_117,3,1,9.9365
M3_Huber_F3_full_policy_117,3,2,13.0668
M3_Huber_F3_full_policy_117,3,3,18.6536
M3_Huber_F3_full_policy_117,3,4,8.1747
M3_Huber_F3_full_policy_117,4,0,9.9661
M3_Huber_F3_full_policy_117,4,1,15.9624
M3_Huber_F3_full_policy_117,4,2,18.6536
M3_Huber_F3_full_policy_117,4,3,11.0169
M3_Huber_F3_full_policy_117,4,4,4.4439
M3_Huber_F3_full_policy_118,0,0,11.5631
M3_Huber_F3_full_policy_118,0,1,16.8385
M3_Huber_F3_full_policy_118,0,2,4.6583
M3_Huber_F3_full_policy_118,0,3,10.4526
M3_Huber_F3_full_policy_118,0,4,10.3621
M3_Huber_F3_full_policy_118,1,0,9.299
M3_Huber_F3_full_policy_118,1,1,23.1053
M3_Huber_F3_full_policy_118,1,2,9.1269
M3_Huber_F3_full_policy_118,1,3,5.2749
M3_Huber_F3_full_policy_118,1,4,11.0976
M3_Huber_F3_full_policy_118,2,0,12.2256
M3_Huber_F3_full_policy_118,2,1,11.3108
M3_Huber_F3_full_policy_118,2,2,4.3475
M3_Huber_F3_full_policy_118,2,3,10.9355
M3_Huber_F3_full_policy_118,2,4,26.5303
M3_Huber_F3_full_policy_118,3,0,9.1025
M3_Huber_F3_full_policy_118,3,1,9.9239
M3_Huber_F3_full_policy_118,3,2,13.0728
M3_Huber_F3_full_policy_118,3,3,18.6521
M3_Huber_F3_full_policy_118,3,4,8.1692
M3_Huber_F3_full_policy_118,4,0,9.9586
M3_Huber_F3_full_policy_118,4,1,15.963
M3_Huber_F3_full_policy_118,4,2,18.6521
M3_Huber_F3_full_policy_118,4,3,11.0191
M3_Huber_F3_full_policy_118,4,4,4.4461
M3_Huber_F3_full_policy_119,0,0,10.3597
M3_Huber_F3_full_policy_119,0,1,16.9813
M3_Huber_F3_full_policy_119,0,2,4.2849
M3_Huber_F3_full_policy_119,0,3,9.4104
M3_Huber_F3_full_policy_119,0,4,9.7046
M3_Huber_F3_full_policy_119,1,0,9.1338
M3_Huber_F3_full_policy_119,1,1,23.4139
M3_Huber_F3_full_policy_119,1,2,8.8355
M3_Huber_F3_full_policy_119,1,3,4.8827
M3_Huber_F3_full_policy_119,1,4,10.0607
M3_Huber_F3_full_policy_119,2,0,12.1009
M3_Huber_F3_full_policy_119,2,1,10.6328
M3_Huber_F3_full_policy_119,2,2,4.3879
M3_Huber_F3_full_policy_119,2,3,10.7337
M3_Huber_F3_full_policy_119,2,4,25.4946
M3_Huber_F3_full_policy_119,3,0,8.8868
M3_Huber_F3_full_policy_119,3,1,10.2045
M3_Huber_F3_full_policy_119,3,2,12.7163
M3_Huber_F3_full_policy_119,3,3,18.575
M3_Huber_F3_full_policy_119,3,4,7.6821
M3_Huber_F3_full_policy_119,4,0,9.5301
M3_Huber_F3_full_policy_119,4,1,17.3012
M3_Huber_F3_full_policy_119,4,2,18.575
M3_Huber_F3_full_policy_119,4,3,11.1753
M3_Huber_F3_full_policy_119,4,4,4.4124
M3_Huber_F3_full_policy_120,0,0,10.3591
M3_Huber_F3_full_policy_120,0,1,16.9818
M3_Huber_F3_full_policy_120,0,2,4.2848
M3_Huber_F3_full_policy_120,0,3,9.4094
M3_Huber_F3_full_policy_120,0,4,9.7047
M3_Huber_F3_full_policy_120,1,0,9.1338
M3_Huber_F3_full_policy_120,1,1,23.4144
M3_Huber_F3_full_policy_120,1,2,8.8352
M3_Huber_F3_full_policy_120,1,3,4.8818
M3_Huber_F3_full_policy_120,1,4,10.0601
M3_Huber_F3_full_policy_120,2,0,12.1016
M3_Huber_F3_full_policy_120,2,1,10.632
M3_Huber_F3_full_policy_120,2,2,4.3882
M3_Huber_F3_full_policy_120,2,3,10.734
M3_Huber_F3_full_policy_120,2,4,25.4942
M3_Huber_F3_full_policy_120,3,0,8.8867
M3_Huber_F3_full_policy_120,3,1,10.202
M3_Huber_F3_full_policy_120,3,2,12.7171
M3_Huber_F3_full_policy_120,3,3,18.5748
M3_Huber_F3_full_policy_120,3,4,7.6816
M3_Huber_F3_full_policy_120,4,0,9.5292
M3_Huber_F3_full_policy_120,4,1,17.3017
M3_Huber_F3_full_policy_120,4,2,18.5748
M3_Huber_F3_full_policy_120,4,3,11.1754
M3_Huber_F3_full_policy_120,4,4,4.4126
M3_Huber_F3_full_policy_121,0,0,10.3549
M3_Huber_F3_full_policy_121,0,1,16.9841
M3_Huber_F3_full_policy_121,0,2,4.2849
M3_Huber_F3_full_policy_121,0,3,9.4002
M3_Huber_F3_full_policy_121,0,4,9.705
M3_Huber_F3_full_policy_121,1,0,9.1345
M3_Huber_F3_full_policy_121,1,1,23.4179
M3_Huber_F3_full_policy_121,1,2,8.8312
M3_Huber_F3_full_policy_121,1,3,4.874
M3_Huber_F3_full_policy_121,1,4,10.0542
M3_Huber_F3_full_policy_121,2,0,12.1088
M3_Huber_F3_full_policy_121,2,1,10.6249
M3_Huber_F3_full_policy_121,2,2,4.3914
M3_Huber_F3_full_policy_121,2,3,10.7369
M3_Huber_F3_full_policy_121,2,4,25.4884
M3_Huber_F3_full_policy_121,3,0,8.886
M3_Huber_F3_full_policy_121,3,1,10.1795
M3_Huber_F3_full_policy_121,3,2,12.7213
M3_Huber_F3_full_policy_121,3,3,18.5728
M3_Huber_F3_full_policy_121,3,4,7.677
M3_Huber_F3_full_policy_121,4,0,9.5214
M3_Huber_F3_full_policy_121,4,1,17.3056
M3_Huber_F3_full_policy_121,4,2,18.5728
M3_Huber_F3_full_policy_121,4,3,11.1766
M3_Huber_F3_full_policy_121,4,4,4.4137
M4_GaussianProcess_F3_full_policy_122,0,0,10.1533
M4_GaussianProcess_F3_full_policy_122,0,1,17.6042
M4_GaussianProcess_F3_full_policy_122,0,2,4.5494
M4_GaussianProcess_F3_full_policy_122,0,3,6.8791
M4_GaussianProcess_F3_full_policy_122,0,4,10.8885
M4_GaussianProcess_F3_full_policy_122,1,0,9.2583
M4_GaussianProcess_F3_full_policy_122,1,1,23.9579
M4_GaussianProcess_F3_full_policy_122,1,2,7.84
M4_GaussianProcess_F3_full_policy_122,1,3,4.0221
M4_GaussianProcess_F3_full_policy_122,1,4,10.052
M4_GaussianProcess_F3_full_policy_122,2,0,14.3826
M4_GaussianProcess_F3_full_policy_122,2,1,8.5276
M4_GaussianProcess_F3_full_policy_122,2,2,4.4306
M4_GaussianProcess_F3_full_policy_122,2,3,11.2346
M4_GaussianProcess_F3_full_policy_122,2,4,26.1033
M4_GaussianProcess_F3_full_policy_122,3,0,8.8031
M4_GaussianProcess_F3_full_policy_122,3,1,7.6987
M4_GaussianProcess_F3_full_policy_122,3,2,13.9166
M4_GaussianProcess_F3_full_policy_122,3,3,18.3084
M4_GaussianProcess_F3_full_policy_122,3,4,6.9293
M4_GaussianProcess_F3_full_policy_122,4,0,8.8981
M4_GaussianProcess_F3_full_policy_122,4,1,20.2094
M4_GaussianProcess_F3_full_policy_122,4,2,18.3084
M4_GaussianProcess_F3_full_policy_122,4,3,11.2808
M4_GaussianProcess_F3_full_policy_122,4,4,4.65
M5_RandomForest_F3_full_policy_123,0,0,6.3094
M5_RandomForest_F3_full_policy_123,0,1,10.5507
M5_RandomForest_F3_full_policy_123,0,2,12.7692
M5_RandomForest_F3_full_policy_123,0,3,25.9727
M5_RandomForest_F3_full_policy_123,0,4,17.008
M5_RandomForest_F3_full_policy_123,1,0,23.962
M5_RandomForest_F3_full_policy_123,1,1,9.0524
M5_RandomForest_F3_full_policy_123,1,2,8.2143
M5_RandomForest_F3_full_policy_123,1,3,7.4384
M5_RandomForest_F3_full_policy_123,1,4,28.5993
M5_RandomForest_F3_full_policy_123,2,0,10.7583
M5_RandomForest_F3_full_policy_123,2,1,22.7435
M5_RandomForest_F3_full_policy_123,2,2,9.4309
M5_RandomForest_F3_full_policy_123,2,3,14.4335
M5_RandomForest_F3_full_policy_123,2,4,10.1411
M5_RandomForest_F3_full_policy_123,3,0,22.1813
M5_RandomForest_F3_full_policy_123,3,1,5.8805
M5_RandomForest_F3_full_policy_123,3,2,27.4983
M5_RandomForest_F3_full_policy_123,3,3,9.0728
M5_RandomForest_F3_full_policy_123,3,4,7.7094
M5_RandomForest_F3_full_policy_123,4,0,24.0174
M5_RandomForest_F3_full_policy_123,4,1,36.1866
M5_RandomForest_F3_full_policy_123,4,2,9.0728
M5_RandomForest_F3_full_policy_123,4,3,5.8129
M5_RandomForest_F3_full_policy_123,4,4,12.369
M5_RandomForest_F3_full_policy_124,0,0,7.1354
M5_RandomForest_F3_full_policy_124,0,1,10.805
M5_RandomForest_F3_full_policy_124,0,2,14.1115
M5_RandomForest_F3_full_policy_124,0,3,29.5309
M5_RandomForest_F3_full_policy_124,0,4,12.512
M5_RandomForest_F3_full_policy_124,1,0,16.921
M5_RandomForest_F3_full_policy_124,1,1,15.3571
M5_RandomForest_F3_full_policy_124,1,2,11.8845
M5_RandomForest_F3_full_policy_124,1,3,9.1427
M5_RandomForest_F3_full_policy_124,1,4,33.67
M5_RandomForest_F3_full_policy_124,2,0,23.8421
M5_RandomForest_F3_full_policy_124,2,1,27.143
M5_RandomForest_F3_full_policy_124,2,2,9.7368
M5_RandomForest_F3_full_policy_124,2,3,9.6586
M5_RandomForest_F3_full_policy_124,2,4,12.6801
M5_RandomForest_F3_full_policy_124,3,0,27.8516
M5_RandomForest_F3_full_policy_124,3,1,12.0486
M5_RandomForest_F3_full_policy_124,3,2,20.501
M5_RandomForest_F3_full_policy_124,3,3,10.1172
M5_RandomForest_F3_full_policy_124,3,4,7.9815
M5_RandomForest_F3_full_policy_124,4,0,18.6455
M5_RandomForest_F3_full_policy_124,4,1,36.3403
M5_RandomForest_F3_full_policy_124,4,2,10.1172
M5_RandomForest_F3_full_policy_124,4,3,8.237
M5_RandomForest_F3_full_policy_124,4,4,9.154
M5_RandomForest_F3_full_policy_125,0,0,6.9405
M5_RandomForest_F3_full_policy_125,0,1,8.8316
M5_RandomForest_F3_full_policy_125,0,2,13.821
M5_RandomForest_F3_full_policy_125,0,3,25.0484
M5_RandomForest_F3_full_policy_125,0,4,17.5555
M5_RandomForest_F3_full_policy_125,1,0,24.9337
M5_RandomForest_F3_full_policy_125,1,1,8.3323
M5_RandomForest_F3_full_policy_125,1,2,8.1002
M5_RandomForest_F3_full_policy_125,1,3,8.6732
M5_RandomForest_F3_full_policy_125,1,4,28.8927
M5_RandomForest_F3_full_policy_125,2,0,11.7476
M5_RandomForest_F3_full_policy_125,2,1,23.2726
M5_RandomForest_F3_full_policy_125,2,2,8.0571
M5_RandomForest_F3_full_policy_125,2,3,16.6409
M5_RandomForest_F3_full_policy_125,2,4,10.1658
M5_RandomForest_F3_full_policy_125,3,0,21.6515
M5_RandomForest_F3_full_policy_125,3,1,5.784
M5_RandomForest_F3_full_policy_125,3,2,27.5005
M5_RandomForest_F3_full_policy_125,3,3,8.2807
M5_RandomForest_F3_full_policy_125,3,4,10.1846
M5_RandomForest_F3_full_policy_125,4,0,23.82
M5_RandomForest_F3_full_policy_125,4,1,36.2356
M5_RandomForest_F3_full_policy_125,4,2,8.2807
M5_RandomForest_F3_full_policy_125,4,3,6.9357
M5_RandomForest_F3_full_policy_125,4,4,12.6166
M5_RandomForest_F3_full_policy_126,0,0,7.1795
M5_RandomForest_F3_full_policy_126,0,1,10.6285
M5_RandomForest_F3_full_policy_126,0,2,14.2439
M5_RandomForest_F3_full_policy_126,0,3,29.5299
M5_RandomForest_F3_full_policy_126,0,4,12.8632
M5_RandomForest_F3_full_policy_126,1,0,16.9434
M5_RandomForest_F3_full_policy_126,1,1,15.1968
M5_RandomForest_F3_full_policy_126,1,2,11.8571
M5_RandomForest_F3_full_policy_126,1,3,9.1291
M5_RandomForest_F3_full_policy_126,1,4,33.5781
M5_RandomForest_F3_full_policy_126,2,0,23.9958
M5_RandomForest_F3_full_policy_126,2,1,27.1793
M5_RandomForest_F3_full_policy_126,2,2,9.1452
M5_RandomForest_F3_full_policy_126,2,3,9.8226
M5_RandomForest_F3_full_policy_126,2,4,12.4474
M5_RandomForest_F3_full_policy_126,3,0,27.8118
M5_RandomForest_F3_full_policy_126,3,1,12.0013
M5_RandomForest_F3_full_policy_126,3,2,20.6386
M5_RandomForest_F3_full_policy_126,3,3,9.5972
M5_RandomForest_F3_full_policy_126,3,4,7.9865
M5_RandomForest_F3_full_policy_126,4,0,18.5755
M5_RandomForest_F3_full_policy_126,4,1,36.3381
M5_RandomForest_F3_full_policy_126,4,2,9.5972
M5_RandomForest_F3_full_policy_126,4,3,8.3421
M5_RandomForest_F3_full_policy_126,4,4,9.2395
M5_RandomForest_F3_full_policy_127,0,0,7.0032
M5_RandomForest_F3_full_policy_127,0,1,8.6411
M5_RandomForest_F3_full_policy_127,0,2,13.6425
M5_RandomForest_F3_full_policy_127,0,3,24.8714
M5_RandomForest_F3_full_policy_127,0,4,17.8059
M5_RandomForest_F3_full_policy_127,1,0,25.0863
M5_RandomForest_F3_full_policy_127,1,1,8.1379
M5_RandomForest_F3_full_policy_127,1,2,8.1145
M5_RandomForest_F3_full_policy_127,1,3,8.92
M5_RandomForest_F3_full_policy_127,1,4,28.8608
M5_RandomForest_F3_full_policy_127,2,0,11.7496
M5_RandomForest_F3_full_policy_127,2,1,23.1793
M5_RandomForest_F3_full_policy_127,2,2,7.9165
M5_RandomForest_F3_full_policy_127,2,3,17.0314
M5_RandomForest_F3_full_policy_127,2,4,10.1078
M5_RandomForest_F3_full_policy_127,3,0,21.3781
M5_RandomForest_F3_full_policy_127,3,1,5.788
M5_RandomForest_F3_full_policy_127,3,2,27.242
M5_RandomForest_F3_full_policy_127,3,3,8.2291
M5_RandomForest_F3_full_policy_127,3,4,10.1942
M5_RandomForest_F3_full_policy_127,4,0,24.3227
M5_RandomForest_F3_full_policy_127,4,1,36.2701
M5_RandomForest_F3_full_policy_127,4,2,8.2291
M5_RandomForest_F3_full_policy_127,4,3,7.1713
M5_RandomForest_F3_full_policy_127,4,4,12.5307
M5_RandomForest_F3_full_policy_128,0,0,7.1795
M5_RandomForest_F3_full_policy_128,0,1,10.6285
M5_RandomForest_F3_full_policy_128,0,2,14.2439
M5_RandomForest_F3_full_policy_128,0,3,29.5299
M5_RandomForest_F3_full_policy_128,0,4,12.8632
M5_RandomForest_F3_full_policy_128,1,0,16.9434
M5_RandomForest_F3_full_policy_128,1,1,15.1968
M5_RandomForest_F3_full_policy_128,1,2,11.8571
M5_RandomForest_F3_full_policy_128,1,3,9.1291
M5_RandomForest_F3_full_policy_128,1,4,33.5781
M5_RandomForest_F3_full_policy_128,2,0,23.9958
M5_RandomForest_F3_full_policy_128,2,1,27.1793
M5_RandomForest_F3_full_policy_128,2,2,9.1428
M5_RandomForest_F3_full_policy_128,2,3,9.8226
M5_RandomForest_F3_full_policy_128,2,4,12.4431
M5_RandomForest_F3_full_policy_128,3,0,27.8118
M5_RandomForest_F3_full_policy_128,3,1,12.0013
M5_RandomForest_F3_full_policy_128,3,2,20.6436
M5_RandomForest_F3_full_policy_128,3,3,9.5972
M5_RandomForest_F3_full_policy_128,3,4,7.9865
M5_RandomForest_F3_full_policy_128,4,0,18.5755
M5_RandomForest_F3_full_policy_128,4,1,36.3381
M5_RandomForest_F3_full_policy_128,4,2,9.5972
M5_RandomForest_F3_full_policy_128,4,3,8.3421
M5_RandomForest_F3_full_policy_128,4,4,9.2395
M5_LightGBM_F3_full_policy_129,0,0,7.1296
M5_LightGBM_F3_full_policy_129,0,1,17.0542
M5_LightGBM_F3_full_policy_129,0,2,17.654
M5_LightGBM_F3_full_policy_129,0,3,26.1735
M5_LightGBM_F3_full_policy_129,0,4,11.2972
M5_LightGBM_F3_full_policy_129,1,0,15.7506
M5_LightGBM_F3_full_policy_129,1,1,4.996
M5_LightGBM_F3_full_policy_129,1,2,24.2304
M5_LightGBM_F3_full_policy_129,1,3,6.3071
M5_LightGBM_F3_full_policy_129,1,4,25.5819
M5_LightGBM_F3_full_policy_129,2,0,24.9694
M5_LightGBM_F3_full_policy_129,2,1,20.5286
M5_LightGBM_F3_full_policy_129,2,2,7.6394
M5_LightGBM_F3_full_policy_129,2,3,12.459
M5_LightGBM_F3_full_policy_129,2,4,16.0357
M5_LightGBM_F3_full_policy_129,3,0,18.9068
M5_LightGBM_F3_full_policy_129,3,1,13.2517
M5_LightGBM_F3_full_policy_129,3,2,18.7098
M5_LightGBM_F3_full_policy_129,3,3,7.8673
M5_LightGBM_F3_full_policy_129,3,4,8.1714
M5_LightGBM_F3_full_policy_129,4,0,22.963
M5_LightGBM_F3_full_policy_129,4,1,36.1524
M5_LightGBM_F3_full_policy_129,4,2,7.8673
M5_LightGBM_F3_full_policy_129,4,3,7.0848
M5_LightGBM_F3_full_policy_129,4,4,9.147
